customer_id,merchant_id,external_customer_id,segment,success_rate,avg_value,preferred_method
0,0,cust_00000000,NEW,0.7752,750.46,WALLET
1,1,cust_00000001,PREMIUM,0.8439,3225.39,CARD
2,2,cust_00000002,CHURN_RISK,0.2475,1186.01,UPI
3,3,cust_00000003,NEW,0.4558,1354.64,CARD
4,4,cust_00000004,NEW,0.5711,1374.08,WALLET
5,0,cust_00000005,PREMIUM,0.8072,20095.75,WALLET
6,1,cust_00000006,REGULAR,0.8322,2602.59,NETBANKING
7,2,cust_00000007,REGULAR,0.8476,1601.89,NETBANKING
8,3,cust_00000008,CHURN_RISK,0.2,485.16,CARD
9,4,cust_00000009,REGULAR,0.7291,4470.26,WALLET
10,0,cust_00000010,NEW,0.609,2524.21,UPI
11,1,cust_00000011,REGULAR,0.6196,3955.76,CARD
12,2,cust_00000012,REGULAR,0.629,874.03,UPI
13,3,cust_00000013,REGULAR,0.8243,7599.44,NETBANKING
14,4,cust_00000014,PREMIUM,0.8472,14387.69,UPI
15,0,cust_00000015,NEW,0.701,2784.85,NETBANKING
16,1,cust_00000016,REGULAR,0.6446,3117.03,WALLET
17,2,cust_00000017,NEW,0.6555,1076.72,CARD
18,3,cust_00000018,REGULAR,0.8983,1881.5,NETBANKING
19,4,cust_00000019,CHURN_RISK,0.2,2992.13,CARD
20,0,cust_00000020,NEW,0.7701,4348.86,WALLET
21,1,cust_00000021,NEW,0.7346,377.39,UPI
22,2,cust_00000022,REGULAR,0.7838,2335.7,CARD
23,3,cust_00000023,REGULAR,0.904,5560.29,CARD
24,4,cust_00000024,PREMIUM,0.9188,13322.04,UPI
25,0,cust_00000025,REGULAR,0.7886,1480.36,UPI
26,1,cust_00000026,NEW,0.8685,3185.99,WALLET
27,2,cust_00000027,NEW,0.5844,3597.24,NETBANKING
28,3,cust_00000028,CHURN_RISK,0.5182,1606.96,CARD
29,4,cust_00000029,REGULAR,0.9506,1699.71,CARD
30,0,cust_00000030,REGULAR,0.707,1536.5,CARD
31,1,cust_00000031,REGULAR,0.915,2770.76,UPI
32,2,cust_00000032,REGULAR,0.6558,2379.25,NETBANKING
33,3,cust_00000033,PREMIUM,0.9263,14329.92,CARD
34,4,cust_00000034,REGULAR,0.8675,3635.77,WALLET
35,0,cust_00000035,REGULAR,0.7948,1374.57,UPI
36,1,cust_00000036,NEW,0.7234,7150.04,CARD
37,2,cust_00000037,REGULAR,0.741,1486.11,CARD
38,3,cust_00000038,NEW,0.7428,1835.13,NETBANKING
39,4,cust_00000039,NEW,0.631,996.46,CARD
40,0,cust_00000040,REGULAR,0.7972,3694.64,UPI
41,1,cust_00000041,NEW,0.7257,1729.94,CARD
42,2,cust_00000042,NEW,0.6655,1146.97,NETBANKING
43,3,cust_00000043,REGULAR,0.9447,850.75,WALLET
44,4,cust_00000044,REGULAR,0.9393,2349.62,UPI
45,0,cust_00000045,NEW,0.5353,1483.18,CARD
46,1,cust_00000046,PREMIUM,0.9638,14662.83,NETBANKING
47,2,cust_00000047,REGULAR,0.7861,2925.89,CARD
48,3,cust_00000048,PREMIUM,0.9252,7549.97,WALLET
49,4,cust_00000049,NEW,0.6634,626.27,UPI
50,0,cust_00000050,NEW,0.7462,1033.29,NETBANKING
51,1,cust_00000051,NEW,0.4,590.68,UPI
52,2,cust_00000052,NEW,0.7888,691.53,WALLET
53,3,cust_00000053,REGULAR,0.6584,3599.48,NETBANKING
54,4,cust_00000054,REGULAR,0.5664,1841.03,UPI
55,0,cust_00000055,PREMIUM,0.9671,6655.38,CARD
56,1,cust_00000056,PREMIUM,0.9735,9564.09,NETBANKING
57,2,cust_00000057,NEW,0.7996,921.99,UPI
58,3,cust_00000058,REGULAR,0.9375,4005.52,CARD
59,4,cust_00000059,REGULAR,0.7957,2212.2,CARD
60,0,cust_00000060,NEW,0.8602,660.1,CARD
61,1,cust_00000061,REGULAR,0.8313,3074.39,UPI
62,2,cust_00000062,REGULAR,0.8647,5929.85,WALLET
63,3,cust_00000063,REGULAR,0.8555,3660.53,WALLET
64,4,cust_00000064,REGULAR,0.8608,4367.22,CARD
65,0,cust_00000065,PREMIUM,0.9679,19207.69,WALLET
66,1,cust_00000066,REGULAR,0.8729,1961.26,CARD
67,2,cust_00000067,REGULAR,0.7934,1014.88,CARD
68,3,cust_00000068,REGULAR,0.9438,3661.35,NETBANKING
69,4,cust_00000069,NEW,0.599,5152.04,NETBANKING
70,0,cust_00000070,REGULAR,0.8295,1342.9,NETBANKING
71,1,cust_00000071,PREMIUM,0.8981,14737.78,CARD
72,2,cust_00000072,REGULAR,0.7485,1638.03,CARD
73,3,cust_00000073,REGULAR,0.8263,4383.45,CARD
74,4,cust_00000074,NEW,0.7484,4035.01,UPI
75,0,cust_00000075,REGULAR,0.842,1011.12,CARD
76,1,cust_00000076,NEW,0.7444,1914.28,NETBANKING
77,2,cust_00000077,NEW,0.7231,833.59,NETBANKING
78,3,cust_00000078,REGULAR,0.937,1768.14,UPI
79,4,cust_00000079,NEW,0.5661,2268.03,UPI
80,0,cust_00000080,REGULAR,0.7645,1923.08,WALLET
81,1,cust_00000081,PREMIUM,0.8892,5816.26,NETBANKING
82,2,cust_00000082,PREMIUM,0.893,12140.16,WALLET
83,3,cust_00000083,NEW,0.5093,1006.03,CARD
84,4,cust_00000084,REGULAR,0.9331,1824.4,UPI
85,0,cust_00000085,REGULAR,0.9784,7838.15,NETBANKING
86,1,cust_00000086,REGULAR,0.8111,2792.17,NETBANKING
87,2,cust_00000087,REGULAR,0.8211,3945.9,WALLET
88,3,cust_00000088,NEW,0.6508,3055.59,NETBANKING
89,4,cust_00000089,REGULAR,0.7322,1555.52,NETBANKING
90,0,cust_00000090,REGULAR,0.8819,2796.99,UPI
91,1,cust_00000091,REGULAR,0.8171,1209.78,NETBANKING
92,2,cust_00000092,REGULAR,0.9568,3356.77,CARD
93,3,cust_00000093,REGULAR,0.6233,2400.76,CARD
94,4,cust_00000094,PREMIUM,0.9467,7972.58,WALLET
95,0,cust_00000095,PREMIUM,0.9379,8600.38,CARD
96,1,cust_00000096,CHURN_RISK,0.3526,1713.27,CARD
97,2,cust_00000097,CHURN_RISK,0.543,1382.65,UPI
98,3,cust_00000098,NEW,0.6489,4184.66,UPI
99,4,cust_00000099,REGULAR,0.8547,1180.82,UPI
100,0,cust_00000100,CHURN_RISK,0.3731,5882.14,NETBANKING
101,1,cust_00000101,NEW,0.5917,2813.63,WALLET
102,2,cust_00000102,NEW,0.7656,1455.44,CARD
103,3,cust_00000103,REGULAR,0.8971,3063.1,CARD
104,4,cust_00000104,REGULAR,0.8984,3106.2,WALLET
105,0,cust_00000105,PREMIUM,0.9073,4108.73,UPI
106,1,cust_00000106,CHURN_RISK,0.3712,2240.1,WALLET
107,2,cust_00000107,REGULAR,0.845,1478.95,NETBANKING
108,3,cust_00000108,REGULAR,0.9187,2753.18,NETBANKING
109,4,cust_00000109,REGULAR,0.7427,5733.81,UPI
110,0,cust_00000110,REGULAR,0.7748,1232.75,UPI
111,1,cust_00000111,REGULAR,0.8565,4949.64,NETBANKING
112,2,cust_00000112,NEW,0.8422,1602.86,WALLET
113,3,cust_00000113,NEW,0.7971,1549.09,UPI
114,4,cust_00000114,NEW,0.8159,400.32,NETBANKING
115,0,cust_00000115,REGULAR,0.7994,2800.84,WALLET
116,1,cust_00000116,REGULAR,0.8954,2676.99,UPI
117,2,cust_00000117,REGULAR,0.8989,1524.64,NETBANKING
118,3,cust_00000118,REGULAR,0.8257,3480.02,UPI
119,4,cust_00000119,PREMIUM,0.8427,7821.58,UPI
120,0,cust_00000120,REGULAR,0.9315,2810.37,NETBANKING
121,1,cust_00000121,PREMIUM,0.8985,11782.93,CARD
122,2,cust_00000122,REGULAR,0.91,2727.96,UPI
123,3,cust_00000123,REGULAR,0.8214,2378.89,CARD
124,4,cust_00000124,PREMIUM,0.8608,8315.83,WALLET
125,0,cust_00000125,PREMIUM,0.9662,13805.78,WALLET
126,1,cust_00000126,REGULAR,0.6362,2844.42,WALLET
127,2,cust_00000127,REGULAR,0.7078,7087.1,UPI
128,3,cust_00000128,CHURN_RISK,0.3851,1255.21,UPI
129,4,cust_00000129,REGULAR,0.803,1605.3,UPI
130,0,cust_00000130,REGULAR,0.7762,2993.7,UPI
131,1,cust_00000131,REGULAR,0.8618,4621.74,CARD
132,2,cust_00000132,PREMIUM,0.894,12475.77,CARD
133,3,cust_00000133,CHURN_RISK,0.3776,735.96,WALLET
134,4,cust_00000134,REGULAR,0.9321,1581.39,CARD
135,0,cust_00000135,NEW,0.8114,1422.79,CARD
136,1,cust_00000136,PREMIUM,0.9752,13526.13,WALLET
137,2,cust_00000137,REGULAR,0.6708,4734.81,WALLET
138,3,cust_00000138,REGULAR,0.7656,1756.35,UPI
139,4,cust_00000139,CHURN_RISK,0.3327,3328.2,CARD
140,0,cust_00000140,REGULAR,0.5,5745.61,CARD
141,1,cust_00000141,REGULAR,0.9487,1710.96,CARD
142,2,cust_00000142,REGULAR,0.9154,1020.8,CARD
143,3,cust_00000143,REGULAR,0.8894,1824.68,NETBANKING
144,4,cust_00000144,REGULAR,0.7808,4760.92,NETBANKING
145,0,cust_00000145,REGULAR,0.7429,2987.45,UPI
146,1,cust_00000146,PREMIUM,0.8815,7923.86,WALLET
147,2,cust_00000147,NEW,0.5943,851.31,CARD
148,3,cust_00000148,NEW,0.586,1688.11,CARD
149,4,cust_00000149,PREMIUM,0.9255,7946.89,CARD
150,0,cust_00000150,REGULAR,0.8074,1946.3,NETBANKING
151,1,cust_00000151,PREMIUM,0.7919,5523.92,NETBANKING
152,2,cust_00000152,NEW,0.8341,797.63,NETBANKING
153,3,cust_00000153,REGULAR,0.7619,1316.72,CARD
154,4,cust_00000154,NEW,0.6364,2067.84,NETBANKING
155,0,cust_00000155,NEW,0.7564,1968.8,NETBANKING
156,1,cust_00000156,NEW,0.6934,660.98,CARD
157,2,cust_00000157,PREMIUM,0.8702,8682.91,CARD
158,3,cust_00000158,CHURN_RISK,0.5696,2876.51,NETBANKING
159,4,cust_00000159,REGULAR,0.7036,4213.55,CARD
160,0,cust_00000160,PREMIUM,0.9597,8180.39,NETBANKING
161,1,cust_00000161,REGULAR,0.8481,2061.48,NETBANKING
162,2,cust_00000162,REGULAR,0.9441,3860.18,UPI
163,3,cust_00000163,NEW,0.8983,1603.02,CARD
164,4,cust_00000164,NEW,0.7094,2387.42,UPI
165,0,cust_00000165,REGULAR,0.9744,5197.38,UPI
166,1,cust_00000166,CHURN_RISK,0.2694,2057.62,NETBANKING
167,2,cust_00000167,REGULAR,0.891,2059.26,UPI
168,3,cust_00000168,REGULAR,0.9335,1719.29,NETBANKING
169,4,cust_00000169,REGULAR,0.7527,1367.85,UPI
170,0,cust_00000170,CHURN_RISK,0.265,1730.06,WALLET
171,1,cust_00000171,REGULAR,0.8723,1796.33,CARD
172,2,cust_00000172,PREMIUM,0.9524,10943.99,CARD
173,3,cust_00000173,REGULAR,0.9327,3100.72,CARD
174,4,cust_00000174,CHURN_RISK,0.4707,2767.77,NETBANKING
175,0,cust_00000175,NEW,0.7873,325.15,CARD
176,1,cust_00000176,NEW,0.6391,2594.35,UPI
177,2,cust_00000177,NEW,0.6862,2821.48,UPI
178,3,cust_00000178,NEW,0.8054,4984.04,NETBANKING
179,4,cust_00000179,REGULAR,0.7198,2602.67,WALLET
180,0,cust_00000180,REGULAR,0.8271,7746.59,NETBANKING
181,1,cust_00000181,NEW,0.7935,2905.05,WALLET
182,2,cust_00000182,NEW,0.7061,442.78,UPI
183,3,cust_00000183,REGULAR,0.7796,1469.0,WALLET
184,4,cust_00000184,PREMIUM,0.8458,3998.52,UPI
185,0,cust_00000185,NEW,0.4936,3476.29,UPI
186,1,cust_00000186,REGULAR,0.9527,4709.39,WALLET
187,2,cust_00000187,CHURN_RISK,0.3996,1581.78,NETBANKING
188,3,cust_00000188,REGULAR,0.7273,5356.27,NETBANKING
189,4,cust_00000189,PREMIUM,0.8946,8473.97,WALLET
190,0,cust_00000190,NEW,0.6024,3672.28,UPI
191,1,cust_00000191,REGULAR,0.704,3487.06,NETBANKING
192,2,cust_00000192,REGULAR,0.9355,6560.8,CARD
193,3,cust_00000193,REGULAR,0.7513,3315.7,CARD
194,4,cust_00000194,NEW,0.5798,1830.83,UPI
195,0,cust_00000195,REGULAR,0.7466,2500.39,NETBANKING
196,1,cust_00000196,REGULAR,0.5346,1103.06,UPI
197,2,cust_00000197,NEW,0.4,3343.92,CARD
198,3,cust_00000198,CHURN_RISK,0.3615,3034.66,UPI
199,4,cust_00000199,REGULAR,0.7349,3111.09,WALLET
200,0,cust_00000200,PREMIUM,0.8319,10766.8,NETBANKING
201,1,cust_00000201,PREMIUM,0.8301,12879.96,NETBANKING
202,2,cust_00000202,REGULAR,0.7459,3754.22,NETBANKING
203,3,cust_00000203,PREMIUM,0.9326,18737.79,WALLET
204,4,cust_00000204,NEW,0.4649,2320.34,CARD
205,0,cust_00000205,PREMIUM,0.9298,3137.03,WALLET
206,1,cust_00000206,REGULAR,0.9232,8372.66,WALLET
207,2,cust_00000207,NEW,0.6476,654.22,NETBANKING
208,3,cust_00000208,REGULAR,0.7795,7191.06,CARD
209,4,cust_00000209,REGULAR,0.5915,1732.5,NETBANKING
210,0,cust_00000210,NEW,0.6283,2354.94,CARD
211,1,cust_00000211,NEW,0.4229,2103.96,CARD
212,2,cust_00000212,NEW,0.8441,3084.41,CARD
213,3,cust_00000213,PREMIUM,0.9254,5920.71,WALLET
214,4,cust_00000214,PREMIUM,0.8079,5099.82,NETBANKING
215,0,cust_00000215,CHURN_RISK,0.4637,1222.1,UPI
216,1,cust_00000216,REGULAR,0.8308,2814.11,NETBANKING
217,2,cust_00000217,REGULAR,0.5438,1655.0,UPI
218,3,cust_00000218,REGULAR,0.779,2517.42,WALLET
219,4,cust_00000219,NEW,0.6897,2072.07,UPI
220,0,cust_00000220,CHURN_RISK,0.4621,1824.26,WALLET
221,1,cust_00000221,REGULAR,0.8029,944.66,UPI
222,2,cust_00000222,CHURN_RISK,0.2441,2480.01,WALLET
223,3,cust_00000223,PREMIUM,0.98,4800.12,WALLET
224,4,cust_00000224,REGULAR,0.8433,2649.34,UPI
225,0,cust_00000225,REGULAR,0.7653,3154.2,CARD
226,1,cust_00000226,PREMIUM,0.944,4183.3,CARD
227,2,cust_00000227,PREMIUM,0.9658,4764.64,UPI
228,3,cust_00000228,REGULAR,0.8758,3338.96,WALLET
229,4,cust_00000229,CHURN_RISK,0.31,1530.04,CARD
230,0,cust_00000230,REGULAR,0.8343,1456.21,WALLET
231,1,cust_00000231,CHURN_RISK,0.4394,1858.87,NETBANKING
232,2,cust_00000232,NEW,0.7523,1571.71,WALLET
233,3,cust_00000233,REGULAR,0.8188,3717.51,WALLET
234,4,cust_00000234,NEW,0.6988,3948.59,WALLET
235,0,cust_00000235,PREMIUM,0.9801,3448.86,NETBANKING
236,1,cust_00000236,PREMIUM,0.9912,5633.79,CARD
237,2,cust_00000237,NEW,0.821,2276.61,WALLET
238,3,cust_00000238,NEW,0.6523,1768.56,NETBANKING
239,4,cust_00000239,REGULAR,0.6151,3477.93,WALLET
240,0,cust_00000240,REGULAR,0.8233,3828.6,CARD
241,1,cust_00000241,REGULAR,0.7498,4695.14,UPI
242,2,cust_00000242,NEW,0.6055,1741.63,WALLET
243,3,cust_00000243,REGULAR,0.5366,1176.86,NETBANKING
244,4,cust_00000244,REGULAR,0.8589,6181.0,CARD
245,0,cust_00000245,REGULAR,0.9199,3540.59,NETBANKING
246,1,cust_00000246,REGULAR,0.765,1557.36,WALLET
247,2,cust_00000247,NEW,0.5456,748.27,UPI
248,3,cust_00000248,NEW,0.6376,926.3,CARD
249,4,cust_00000249,REGULAR,0.8422,2350.34,NETBANKING
250,0,cust_00000250,REGULAR,0.7966,2349.01,NETBANKING
251,1,cust_00000251,REGULAR,0.8284,2803.45,WALLET
252,2,cust_00000252,NEW,0.4,778.73,CARD
253,3,cust_00000253,NEW,0.7164,1071.62,NETBANKING
254,4,cust_00000254,PREMIUM,0.8719,8459.11,NETBANKING
255,0,cust_00000255,PREMIUM,0.6,5402.17,WALLET
256,1,cust_00000256,REGULAR,0.8133,793.7,UPI
257,2,cust_00000257,PREMIUM,0.9263,4414.57,NETBANKING
258,3,cust_00000258,NEW,0.5165,1669.92,WALLET
259,4,cust_00000259,REGULAR,0.9123,1179.51,CARD
260,0,cust_00000260,PREMIUM,0.9105,9397.43,UPI
261,1,cust_00000261,CHURN_RISK,0.3026,1148.96,NETBANKING
262,2,cust_00000262,REGULAR,0.7923,1176.97,UPI
263,3,cust_00000263,REGULAR,0.8531,935.33,UPI
264,4,cust_00000264,REGULAR,0.8543,3631.92,WALLET
265,0,cust_00000265,PREMIUM,0.9765,3650.29,UPI
266,1,cust_00000266,PREMIUM,0.79,6387.67,UPI
267,2,cust_00000267,PREMIUM,0.9129,5850.91,CARD
268,3,cust_00000268,REGULAR,0.8569,3639.13,CARD
269,4,cust_00000269,PREMIUM,0.8715,3955.61,WALLET
270,0,cust_00000270,REGULAR,0.7195,3096.08,UPI
271,1,cust_00000271,NEW,0.6402,3775.61,WALLET
272,2,cust_00000272,REGULAR,0.7802,5126.77,NETBANKING
273,3,cust_00000273,REGULAR,0.9528,2382.59,NETBANKING
274,4,cust_00000274,REGULAR,0.914,4415.77,WALLET
275,0,cust_00000275,NEW,0.4,749.79,NETBANKING
276,1,cust_00000276,NEW,0.8075,762.88,WALLET
277,2,cust_00000277,PREMIUM,0.9403,3707.63,UPI
278,3,cust_00000278,REGULAR,0.8791,2944.3,WALLET
279,4,cust_00000279,REGULAR,0.7231,2093.55,CARD
280,0,cust_00000280,REGULAR,0.8105,3177.83,NETBANKING
281,1,cust_00000281,REGULAR,0.8373,2032.55,UPI
282,2,cust_00000282,REGULAR,0.7472,1652.82,NETBANKING
283,3,cust_00000283,PREMIUM,0.8245,24820.27,CARD
284,4,cust_00000284,REGULAR,0.7521,4913.65,NETBANKING
285,0,cust_00000285,REGULAR,0.7661,2704.23,CARD
286,1,cust_00000286,PREMIUM,0.9548,8934.63,NETBANKING
287,2,cust_00000287,NEW,0.8586,681.76,NETBANKING
288,3,cust_00000288,PREMIUM,0.9213,6432.89,WALLET
289,4,cust_00000289,CHURN_RISK,0.5443,6763.59,WALLET
290,0,cust_00000290,PREMIUM,0.9035,7977.04,NETBANKING
291,1,cust_00000291,NEW,0.5607,901.15,WALLET
292,2,cust_00000292,CHURN_RISK,0.4106,1306.41,UPI
293,3,cust_00000293,CHURN_RISK,0.379,2574.06,UPI
294,4,cust_00000294,NEW,0.7661,1520.82,UPI
295,0,cust_00000295,NEW,0.7157,284.09,NETBANKING
296,1,cust_00000296,REGULAR,0.661,1488.06,UPI
297,2,cust_00000297,NEW,0.4549,2908.45,NETBANKING
298,3,cust_00000298,PREMIUM,0.8558,5382.27,WALLET
299,4,cust_00000299,REGULAR,0.6216,2532.51,UPI
300,0,cust_00000300,REGULAR,0.9203,3986.33,UPI
301,1,cust_00000301,NEW,0.6479,776.9,WALLET
302,2,cust_00000302,REGULAR,0.9681,5891.45,UPI
303,3,cust_00000303,REGULAR,0.7615,3388.94,WALLET
304,4,cust_00000304,REGULAR,0.6787,1571.61,NETBANKING
305,0,cust_00000305,REGULAR,0.8771,3820.39,CARD
306,1,cust_00000306,PREMIUM,0.9457,13474.96,UPI
307,2,cust_00000307,REGULAR,0.7836,1693.48,CARD
308,3,cust_00000308,REGULAR,0.7946,19388.35,NETBANKING
309,4,cust_00000309,REGULAR,0.6888,2582.7,NETBANKING
310,0,cust_00000310,REGULAR,0.8448,3058.38,NETBANKING
311,1,cust_00000311,REGULAR,0.8297,5447.53,NETBANKING
312,2,cust_00000312,REGULAR,0.9279,1088.68,UPI
313,3,cust_00000313,REGULAR,0.9004,2306.59,CARD
314,4,cust_00000314,NEW,0.7427,722.06,CARD
315,0,cust_00000315,REGULAR,0.8291,2986.85,WALLET
316,1,cust_00000316,CHURN_RISK,0.2871,7431.57,WALLET
317,2,cust_00000317,CHURN_RISK,0.3512,1168.48,NETBANKING
318,3,cust_00000318,REGULAR,0.8057,5252.81,WALLET
319,4,cust_00000319,REGULAR,0.9199,2954.18,CARD
320,0,cust_00000320,REGULAR,0.5,2091.44,NETBANKING
321,1,cust_00000321,NEW,0.5512,1371.86,UPI
322,2,cust_00000322,NEW,0.73,3123.36,NETBANKING
323,3,cust_00000323,NEW,0.7529,1958.16,UPI
324,4,cust_00000324,REGULAR,0.7024,7864.26,NETBANKING
325,0,cust_00000325,REGULAR,0.6536,1371.15,WALLET
326,1,cust_00000326,REGULAR,0.8446,2327.99,CARD
327,2,cust_00000327,NEW,0.8085,791.22,WALLET
328,3,cust_00000328,REGULAR,0.7642,5880.49,WALLET
329,4,cust_00000329,NEW,0.5981,770.18,NETBANKING
330,0,cust_00000330,NEW,0.4,1642.98,CARD
331,1,cust_00000331,PREMIUM,0.9708,5793.12,CARD
332,2,cust_00000332,REGULAR,0.6447,1138.25,UPI
333,3,cust_00000333,PREMIUM,0.7398,6677.85,UPI
334,4,cust_00000334,NEW,0.7681,226.46,UPI
335,0,cust_00000335,PREMIUM,0.9516,5669.94,NETBANKING
336,1,cust_00000336,CHURN_RISK,0.4225,1075.54,UPI
337,2,cust_00000337,PREMIUM,0.9178,5826.96,WALLET
338,3,cust_00000338,CHURN_RISK,0.2762,1265.43,NETBANKING
339,4,cust_00000339,NEW,0.6476,1694.89,NETBANKING
340,0,cust_00000340,REGULAR,0.824,2398.97,NETBANKING
341,1,cust_00000341,NEW,0.7342,11121.63,CARD
342,2,cust_00000342,NEW,0.6711,982.67,NETBANKING
343,3,cust_00000343,CHURN_RISK,0.4592,5443.28,UPI
344,4,cust_00000344,REGULAR,0.8262,2672.99,NETBANKING
345,0,cust_00000345,REGULAR,0.8164,4784.18,NETBANKING
346,1,cust_00000346,PREMIUM,0.89,2623.89,CARD
347,2,cust_00000347,REGULAR,0.8478,2574.37,NETBANKING
348,3,cust_00000348,REGULAR,0.6642,1865.49,NETBANKING
349,4,cust_00000349,REGULAR,0.858,1706.46,WALLET
350,0,cust_00000350,REGULAR,0.8651,3795.94,WALLET
351,1,cust_00000351,REGULAR,0.8549,4127.36,CARD
352,2,cust_00000352,REGULAR,0.7859,7838.93,WALLET
353,3,cust_00000353,NEW,0.7744,1026.28,WALLET
354,4,cust_00000354,NEW,0.5535,3283.49,NETBANKING
355,0,cust_00000355,REGULAR,0.876,2539.16,NETBANKING
356,1,cust_00000356,REGULAR,0.7673,1617.5,CARD
357,2,cust_00000357,CHURN_RISK,0.4475,2094.07,WALLET
358,3,cust_00000358,PREMIUM,0.8971,5563.52,WALLET
359,4,cust_00000359,PREMIUM,0.832,9735.43,WALLET
360,0,cust_00000360,PREMIUM,0.9835,4905.22,WALLET
361,1,cust_00000361,NEW,0.8607,470.65,NETBANKING
362,2,cust_00000362,REGULAR,0.6736,4059.13,NETBANKING
363,3,cust_00000363,NEW,0.8049,1691.21,NETBANKING
364,4,cust_00000364,NEW,0.6619,1802.58,WALLET
365,0,cust_00000365,REGULAR,0.8142,2104.57,NETBANKING
366,1,cust_00000366,NEW,0.4522,1110.48,NETBANKING
367,2,cust_00000367,NEW,0.5815,2865.3,NETBANKING
368,3,cust_00000368,REGULAR,0.8531,10467.19,NETBANKING
369,4,cust_00000369,REGULAR,0.8488,4155.12,NETBANKING
370,0,cust_00000370,REGULAR,0.8762,3082.77,UPI
371,1,cust_00000371,REGULAR,0.7834,2528.69,WALLET
372,2,cust_00000372,PREMIUM,0.9251,19531.3,UPI
373,3,cust_00000373,CHURN_RISK,0.375,793.27,CARD
374,4,cust_00000374,REGULAR,0.7487,4681.46,WALLET
375,0,cust_00000375,REGULAR,0.822,3826.59,UPI
376,1,cust_00000376,NEW,0.6288,3263.54,NETBANKING
377,2,cust_00000377,REGULAR,0.6713,2217.71,WALLET
378,3,cust_00000378,CHURN_RISK,0.2,2188.6,WALLET
379,4,cust_00000379,NEW,0.547,1135.32,NETBANKING
380,0,cust_00000380,REGULAR,0.6796,7161.96,NETBANKING
381,1,cust_00000381,REGULAR,0.6868,2923.18,NETBANKING
382,2,cust_00000382,CHURN_RISK,0.4484,1012.24,WALLET
383,3,cust_00000383,NEW,0.7036,2687.77,CARD
384,4,cust_00000384,CHURN_RISK,0.2,2243.58,UPI
385,0,cust_00000385,PREMIUM,0.977,6951.02,NETBANKING
386,1,cust_00000386,NEW,0.6414,1454.87,UPI
387,2,cust_00000387,REGULAR,0.5092,1423.72,WALLET
388,3,cust_00000388,PREMIUM,0.9014,13660.26,UPI
389,4,cust_00000389,REGULAR,0.9746,3852.85,CARD
390,0,cust_00000390,NEW,0.6003,1858.14,CARD
391,1,cust_00000391,PREMIUM,0.9869,7405.96,WALLET
392,2,cust_00000392,REGULAR,0.8892,3035.51,CARD
393,3,cust_00000393,NEW,0.7673,3060.61,WALLET
394,4,cust_00000394,REGULAR,0.848,2276.96,CARD
395,0,cust_00000395,REGULAR,0.6956,1883.21,CARD
396,1,cust_00000396,REGULAR,0.9203,6603.39,CARD
397,2,cust_00000397,REGULAR,0.5,1256.91,CARD
398,3,cust_00000398,CHURN_RISK,0.252,1307.83,UPI
399,4,cust_00000399,NEW,0.8326,447.83,WALLET
400,0,cust_00000400,PREMIUM,0.9645,4808.04,UPI
401,1,cust_00000401,CHURN_RISK,0.2191,3067.3,CARD
402,2,cust_00000402,NEW,0.6799,1508.72,NETBANKING
403,3,cust_00000403,REGULAR,0.7012,1865.27,CARD
404,4,cust_00000404,NEW,0.6616,691.28,CARD
405,0,cust_00000405,PREMIUM,0.8413,28576.91,WALLET
406,1,cust_00000406,CHURN_RISK,0.3744,388.99,WALLET
407,2,cust_00000407,NEW,0.621,3376.64,NETBANKING
408,3,cust_00000408,NEW,0.8386,1437.46,CARD
409,4,cust_00000409,PREMIUM,0.9466,4265.98,WALLET
410,0,cust_00000410,NEW,0.5343,1612.79,NETBANKING
411,1,cust_00000411,PREMIUM,0.8837,7731.47,UPI
412,2,cust_00000412,REGULAR,0.8575,2866.98,UPI
413,3,cust_00000413,PREMIUM,0.9103,5413.37,WALLET
414,4,cust_00000414,NEW,0.5886,890.28,CARD
415,0,cust_00000415,REGULAR,0.8955,2678.13,WALLET
416,1,cust_00000416,CHURN_RISK,0.3107,3560.62,UPI
417,2,cust_00000417,NEW,0.6116,1200.81,NETBANKING
418,3,cust_00000418,PREMIUM,0.9628,5483.12,WALLET
419,4,cust_00000419,PREMIUM,0.9371,7661.95,WALLET
420,0,cust_00000420,PREMIUM,0.9056,4380.29,NETBANKING
421,1,cust_00000421,REGULAR,0.6599,3304.9,NETBANKING
422,2,cust_00000422,NEW,0.7747,671.23,UPI
423,3,cust_00000423,REGULAR,0.5,6398.49,WALLET
424,4,cust_00000424,NEW,0.589,4107.68,NETBANKING
425,0,cust_00000425,PREMIUM,0.7937,11237.08,NETBANKING
426,1,cust_00000426,NEW,0.8531,1369.36,CARD
427,2,cust_00000427,CHURN_RISK,0.4396,1883.3,UPI
428,3,cust_00000428,NEW,0.4,400.24,NETBANKING
429,4,cust_00000429,NEW,0.4,723.06,UPI
430,0,cust_00000430,NEW,0.779,1783.06,WALLET
431,1,cust_00000431,PREMIUM,0.8716,4170.55,NETBANKING
432,2,cust_00000432,REGULAR,0.7915,1935.25,CARD
433,3,cust_00000433,PREMIUM,0.9115,20752.84,WALLET
434,4,cust_00000434,REGULAR,0.8748,5894.85,NETBANKING
435,0,cust_00000435,NEW,0.7065,1127.9,NETBANKING
436,1,cust_00000436,REGULAR,0.8034,1571.07,NETBANKING
437,2,cust_00000437,NEW,0.4,1527.26,UPI
438,3,cust_00000438,REGULAR,0.734,4194.04,CARD
439,4,cust_00000439,NEW,0.72,1163.48,NETBANKING
440,0,cust_00000440,REGULAR,0.5614,1658.64,WALLET
441,1,cust_00000441,REGULAR,0.9241,3640.12,UPI
442,2,cust_00000442,NEW,0.7143,6047.67,CARD
443,3,cust_00000443,CHURN_RISK,0.3869,880.59,CARD
444,4,cust_00000444,REGULAR,0.7327,1262.24,UPI
445,0,cust_00000445,PREMIUM,0.9466,10103.93,NETBANKING
446,1,cust_00000446,REGULAR,0.8387,3413.94,WALLET
447,2,cust_00000447,PREMIUM,0.945,7745.41,WALLET
448,3,cust_00000448,NEW,0.8025,1407.28,CARD
449,4,cust_00000449,NEW,0.4526,2320.51,NETBANKING
450,0,cust_00000450,REGULAR,0.8628,3023.42,NETBANKING
451,1,cust_00000451,PREMIUM,0.8942,7897.71,WALLET
452,2,cust_00000452,REGULAR,0.7824,1108.73,WALLET
453,3,cust_00000453,CHURN_RISK,0.2,4435.63,WALLET
454,4,cust_00000454,REGULAR,0.6817,1936.23,UPI
455,0,cust_00000455,NEW,0.8201,687.11,NETBANKING
456,1,cust_00000456,REGULAR,0.8609,7582.72,UPI
457,2,cust_00000457,REGULAR,0.8667,4807.74,UPI
458,3,cust_00000458,PREMIUM,0.8438,8434.13,CARD
459,4,cust_00000459,CHURN_RISK,0.2,2633.18,CARD
460,0,cust_00000460,REGULAR,0.7779,1254.46,UPI
461,1,cust_00000461,REGULAR,0.8158,4417.98,UPI
462,2,cust_00000462,NEW,0.6214,2947.57,WALLET
463,3,cust_00000463,REGULAR,0.7581,7633.67,UPI
464,4,cust_00000464,CHURN_RISK,0.4164,2970.1,CARD
465,0,cust_00000465,PREMIUM,0.9286,10040.42,UPI
466,1,cust_00000466,REGULAR,0.793,2090.65,NETBANKING
467,2,cust_00000467,REGULAR,0.7568,939.75,UPI
468,3,cust_00000468,REGULAR,0.8051,1138.46,UPI
469,4,cust_00000469,PREMIUM,0.894,6570.73,WALLET
470,0,cust_00000470,PREMIUM,0.85,13999.37,UPI
471,1,cust_00000471,REGULAR,0.8361,2270.01,WALLET
472,2,cust_00000472,REGULAR,0.7445,5173.09,CARD
473,3,cust_00000473,REGULAR,0.9263,1536.56,WALLET
474,4,cust_00000474,REGULAR,0.8429,824.73,WALLET
475,0,cust_00000475,REGULAR,0.5671,2436.21,NETBANKING
476,1,cust_00000476,REGULAR,0.7293,2486.69,WALLET
477,2,cust_00000477,REGULAR,0.8481,2491.51,UPI
478,3,cust_00000478,REGULAR,0.8628,3025.59,NETBANKING
479,4,cust_00000479,REGULAR,0.7733,1831.89,UPI
480,0,cust_00000480,REGULAR,0.7881,3131.45,WALLET
481,1,cust_00000481,PREMIUM,0.9556,5888.24,NETBANKING
482,2,cust_00000482,REGULAR,0.6687,1571.26,UPI
483,3,cust_00000483,REGULAR,0.6989,1092.12,UPI
484,4,cust_00000484,REGULAR,0.7361,1382.66,CARD
485,0,cust_00000485,REGULAR,0.5769,2250.0,UPI
486,1,cust_00000486,REGULAR,0.8129,3516.68,UPI
487,2,cust_00000487,NEW,0.66,4240.96,NETBANKING
488,3,cust_00000488,REGULAR,0.8976,2704.7,CARD
489,4,cust_00000489,NEW,0.5542,3779.0,NETBANKING
490,0,cust_00000490,REGULAR,0.8586,2458.13,WALLET
491,1,cust_00000491,NEW,0.7385,1789.04,WALLET
492,2,cust_00000492,REGULAR,0.8044,1824.71,NETBANKING
493,3,cust_00000493,REGULAR,0.8466,1546.32,NETBANKING
494,4,cust_00000494,REGULAR,0.7538,5500.42,WALLET
495,0,cust_00000495,REGULAR,0.8898,1678.28,WALLET
496,1,cust_00000496,REGULAR,0.6468,1417.85,WALLET
497,2,cust_00000497,NEW,0.7524,6388.47,CARD
498,3,cust_00000498,NEW,0.7774,1173.65,NETBANKING
499,4,cust_00000499,CHURN_RISK,0.7931,1210.24,UPI
500,0,cust_00000500,REGULAR,0.774,2800.02,UPI
501,1,cust_00000501,REGULAR,0.7725,1303.9,UPI
502,2,cust_00000502,NEW,0.6532,2580.86,CARD
503,3,cust_00000503,REGULAR,0.8686,2839.57,WALLET
504,4,cust_00000504,NEW,0.8015,478.78,NETBANKING
505,0,cust_00000505,REGULAR,0.8931,3805.24,NETBANKING
506,1,cust_00000506,PREMIUM,0.9516,14738.95,NETBANKING
507,2,cust_00000507,PREMIUM,0.8827,15945.27,UPI
508,3,cust_00000508,NEW,0.742,1731.95,NETBANKING
509,4,cust_00000509,PREMIUM,0.9816,22525.69,CARD
510,0,cust_00000510,REGULAR,0.7696,2183.39,WALLET
511,1,cust_00000511,REGULAR,0.7802,4596.15,NETBANKING
512,2,cust_00000512,REGULAR,0.8917,2302.53,UPI
513,3,cust_00000513,REGULAR,0.7457,1148.95,WALLET
514,4,cust_00000514,NEW,0.5324,2520.88,WALLET
515,0,cust_00000515,PREMIUM,0.9695,3814.03,UPI
516,1,cust_00000516,NEW,0.6387,868.25,CARD
517,2,cust_00000517,NEW,0.8915,963.32,UPI
518,3,cust_00000518,REGULAR,0.8556,4208.9,NETBANKING
519,4,cust_00000519,REGULAR,0.9007,4257.13,CARD
520,0,cust_00000520,REGULAR,0.8042,2595.29,CARD
521,1,cust_00000521,PREMIUM,0.9434,9883.92,WALLET
522,2,cust_00000522,REGULAR,0.6401,7203.76,WALLET
523,3,cust_00000523,CHURN_RISK,0.292,1002.78,CARD
524,4,cust_00000524,CHURN_RISK,0.4557,2850.99,UPI
525,0,cust_00000525,NEW,0.7415,460.08,NETBANKING
526,1,cust_00000526,REGULAR,0.5887,1497.31,NETBANKING
527,2,cust_00000527,NEW,0.6739,1656.76,UPI
528,3,cust_00000528,NEW,0.6731,1669.83,UPI
529,4,cust_00000529,REGULAR,0.8415,727.09,CARD
530,0,cust_00000530,REGULAR,0.6232,2397.31,NETBANKING
531,1,cust_00000531,PREMIUM,0.9239,12506.87,WALLET
532,2,cust_00000532,REGULAR,0.8238,2650.69,CARD
533,3,cust_00000533,REGULAR,0.8604,1754.59,CARD
534,4,cust_00000534,REGULAR,0.7408,2346.36,WALLET
535,0,cust_00000535,REGULAR,0.6863,2018.33,CARD
536,1,cust_00000536,NEW,0.8095,1746.82,CARD
537,2,cust_00000537,CHURN_RISK,0.7006,1034.46,CARD
538,3,cust_00000538,REGULAR,0.9575,2899.77,UPI
539,4,cust_00000539,NEW,0.5975,3077.39,WALLET
540,0,cust_00000540,CHURN_RISK,0.4806,3617.18,NETBANKING
541,1,cust_00000541,PREMIUM,0.9558,11951.45,CARD
542,2,cust_00000542,REGULAR,0.641,3524.19,NETBANKING
543,3,cust_00000543,REGULAR,0.9306,1188.32,UPI
544,4,cust_00000544,PREMIUM,0.9521,8513.92,NETBANKING
545,0,cust_00000545,NEW,0.8801,626.05,WALLET
546,1,cust_00000546,REGULAR,0.8281,2962.88,UPI
547,2,cust_00000547,REGULAR,0.9285,2364.27,UPI
548,3,cust_00000548,REGULAR,0.7828,2688.03,WALLET
549,4,cust_00000549,REGULAR,0.6218,1579.34,UPI
550,0,cust_00000550,CHURN_RISK,0.2,2527.21,CARD
551,1,cust_00000551,PREMIUM,0.927,10332.79,UPI
552,2,cust_00000552,REGULAR,0.7959,1831.76,NETBANKING
553,3,cust_00000553,REGULAR,0.8102,1438.02,CARD
554,4,cust_00000554,REGULAR,0.7925,2464.89,NETBANKING
555,0,cust_00000555,REGULAR,0.8042,1599.86,NETBANKING
556,1,cust_00000556,REGULAR,0.9617,1760.33,CARD
557,2,cust_00000557,PREMIUM,0.9587,11633.35,NETBANKING
558,3,cust_00000558,REGULAR,0.8893,2551.66,UPI
559,4,cust_00000559,NEW,0.7493,1804.43,NETBANKING
560,0,cust_00000560,REGULAR,0.6838,1682.49,WALLET
561,1,cust_00000561,REGULAR,0.7873,3972.92,UPI
562,2,cust_00000562,NEW,0.8064,1197.19,CARD
563,3,cust_00000563,NEW,0.5171,1304.77,UPI
564,4,cust_00000564,PREMIUM,0.9225,4549.2,UPI
565,0,cust_00000565,REGULAR,0.7057,2642.66,NETBANKING
566,1,cust_00000566,REGULAR,0.8439,6826.65,WALLET
567,2,cust_00000567,REGULAR,0.9199,2219.83,WALLET
568,3,cust_00000568,NEW,0.6024,1892.41,UPI
569,4,cust_00000569,REGULAR,0.6088,3192.16,NETBANKING
570,0,cust_00000570,NEW,0.4539,1227.79,WALLET
571,1,cust_00000571,NEW,0.7296,2069.04,NETBANKING
572,2,cust_00000572,REGULAR,0.8529,4518.14,NETBANKING
573,3,cust_00000573,CHURN_RISK,0.3074,1298.27,NETBANKING
574,4,cust_00000574,REGULAR,0.8058,2538.84,WALLET
575,0,cust_00000575,NEW,0.6456,1676.07,NETBANKING
576,1,cust_00000576,REGULAR,0.813,5460.58,WALLET
577,2,cust_00000577,REGULAR,0.8468,2143.72,WALLET
578,3,cust_00000578,REGULAR,0.736,1619.96,WALLET
579,4,cust_00000579,PREMIUM,0.9568,7697.44,CARD
580,0,cust_00000580,REGULAR,0.8172,887.24,WALLET
581,1,cust_00000581,CHURN_RISK,0.2964,3245.69,WALLET
582,2,cust_00000582,REGULAR,0.9622,462.58,CARD
583,3,cust_00000583,REGULAR,0.9758,4868.32,CARD
584,4,cust_00000584,REGULAR,0.9559,6973.36,UPI
585,0,cust_00000585,REGULAR,0.9478,938.44,WALLET
586,1,cust_00000586,PREMIUM,0.8815,6160.54,WALLET
587,2,cust_00000587,CHURN_RISK,0.4052,2000.69,NETBANKING
588,3,cust_00000588,REGULAR,0.7984,2304.69,WALLET
589,4,cust_00000589,REGULAR,0.88,1749.11,CARD
590,0,cust_00000590,REGULAR,0.8445,909.16,UPI
591,1,cust_00000591,PREMIUM,0.8763,20903.92,CARD
592,2,cust_00000592,REGULAR,0.9254,5556.04,CARD
593,3,cust_00000593,NEW,0.5312,1109.52,CARD
594,4,cust_00000594,REGULAR,0.8197,1690.73,NETBANKING
595,0,cust_00000595,CHURN_RISK,0.2,1830.21,WALLET
596,1,cust_00000596,REGULAR,0.7839,1512.96,CARD
597,2,cust_00000597,REGULAR,0.8167,987.3,UPI
598,3,cust_00000598,NEW,0.559,1490.12,UPI
599,4,cust_00000599,CHURN_RISK,0.2404,2032.8,NETBANKING
600,0,cust_00000600,NEW,0.7906,1370.08,NETBANKING
601,1,cust_00000601,CHURN_RISK,0.5869,2371.68,UPI
602,2,cust_00000602,NEW,0.4105,2015.19,UPI
603,3,cust_00000603,NEW,0.6324,468.37,CARD
604,4,cust_00000604,PREMIUM,0.9,14389.41,UPI
605,0,cust_00000605,NEW,0.7076,1677.83,CARD
606,1,cust_00000606,REGULAR,0.9241,1981.37,UPI
607,2,cust_00000607,REGULAR,0.6554,2669.62,UPI
608,3,cust_00000608,NEW,0.6015,1672.69,NETBANKING
609,4,cust_00000609,CHURN_RISK,0.2931,1529.98,WALLET
610,0,cust_00000610,CHURN_RISK,0.249,2493.88,WALLET
611,1,cust_00000611,REGULAR,0.6116,2482.17,UPI
612,2,cust_00000612,NEW,0.7152,1125.05,UPI
613,3,cust_00000613,NEW,0.6465,504.78,UPI
614,4,cust_00000614,REGULAR,0.8836,2230.63,NETBANKING
615,0,cust_00000615,PREMIUM,0.7586,10788.08,UPI
616,1,cust_00000616,PREMIUM,0.9193,10089.31,CARD
617,2,cust_00000617,NEW,0.8386,1160.97,WALLET
618,3,cust_00000618,REGULAR,0.5921,1766.53,CARD
619,4,cust_00000619,CHURN_RISK,0.2381,1627.89,CARD
620,0,cust_00000620,REGULAR,0.8528,1720.87,WALLET
621,1,cust_00000621,CHURN_RISK,0.3143,2806.31,NETBANKING
622,2,cust_00000622,REGULAR,0.8693,4646.2,NETBANKING
623,3,cust_00000623,NEW,0.8082,2311.69,UPI
624,4,cust_00000624,PREMIUM,0.8704,4824.7,CARD
625,0,cust_00000625,REGULAR,0.9451,5403.72,CARD
626,1,cust_00000626,NEW,0.5806,1360.68,WALLET
627,2,cust_00000627,CHURN_RISK,0.2744,3900.03,NETBANKING
628,3,cust_00000628,NEW,0.7591,2316.38,WALLET
629,4,cust_00000629,PREMIUM,0.8268,7205.5,CARD
630,0,cust_00000630,REGULAR,0.8905,2478.49,CARD
631,1,cust_00000631,PREMIUM,0.7927,10170.7,WALLET
632,2,cust_00000632,PREMIUM,0.9456,8670.77,UPI
633,3,cust_00000633,NEW,0.7815,2211.98,UPI
634,4,cust_00000634,NEW,0.7286,1938.39,WALLET
635,0,cust_00000635,NEW,0.6852,1090.17,WALLET
636,1,cust_00000636,NEW,0.8812,685.39,CARD
637,2,cust_00000637,NEW,0.6002,1939.63,UPI
638,3,cust_00000638,NEW,0.8343,610.88,WALLET
639,4,cust_00000639,PREMIUM,0.8999,3859.21,NETBANKING
640,0,cust_00000640,REGULAR,0.8725,1432.03,WALLET
641,1,cust_00000641,REGULAR,0.9589,2155.84,CARD
642,2,cust_00000642,NEW,0.7791,1005.79,UPI
643,3,cust_00000643,PREMIUM,0.899,14923.29,NETBANKING
644,4,cust_00000644,REGULAR,0.6541,2712.91,UPI
645,0,cust_00000645,NEW,0.5126,1015.87,NETBANKING
646,1,cust_00000646,PREMIUM,0.952,7307.82,CARD
647,2,cust_00000647,REGULAR,0.7935,1828.29,CARD
648,3,cust_00000648,NEW,0.5265,1075.18,CARD
649,4,cust_00000649,NEW,0.5627,1544.13,CARD
650,0,cust_00000650,REGULAR,0.7415,406.88,NETBANKING
651,1,cust_00000651,NEW,0.8559,1785.9,UPI
652,2,cust_00000652,REGULAR,0.8385,1356.11,UPI
653,3,cust_00000653,NEW,0.6404,1252.52,NETBANKING
654,4,cust_00000654,REGULAR,0.9159,2574.49,NETBANKING
655,0,cust_00000655,REGULAR,0.9557,6448.88,WALLET
656,1,cust_00000656,REGULAR,0.8813,3382.21,CARD
657,2,cust_00000657,REGULAR,0.5363,1089.38,WALLET
658,3,cust_00000658,NEW,0.641,2395.71,NETBANKING
659,4,cust_00000659,REGULAR,0.8436,8051.52,UPI
660,0,cust_00000660,PREMIUM,0.9724,14053.07,NETBANKING
661,1,cust_00000661,REGULAR,0.7731,2576.1,NETBANKING
662,2,cust_00000662,NEW,0.7232,597.58,NETBANKING
663,3,cust_00000663,NEW,0.7612,1640.96,NETBANKING
664,4,cust_00000664,CHURN_RISK,0.2,757.83,NETBANKING
665,0,cust_00000665,REGULAR,0.7338,1282.03,UPI
666,1,cust_00000666,REGULAR,0.6794,2783.02,UPI
667,2,cust_00000667,PREMIUM,0.9305,13473.92,CARD
668,3,cust_00000668,REGULAR,0.7765,1595.42,WALLET
669,4,cust_00000669,CHURN_RISK,0.2954,1544.8,WALLET
670,0,cust_00000670,NEW,0.7895,1483.43,UPI
671,1,cust_00000671,REGULAR,0.6188,1240.3,CARD
672,2,cust_00000672,REGULAR,0.6872,2082.62,UPI
673,3,cust_00000673,CHURN_RISK,0.289,3911.2,CARD
674,4,cust_00000674,REGULAR,0.7175,3795.74,WALLET
675,0,cust_00000675,PREMIUM,0.8192,9678.75,WALLET
676,1,cust_00000676,REGULAR,0.8524,1625.38,WALLET
677,2,cust_00000677,PREMIUM,0.9246,4491.82,UPI
678,3,cust_00000678,REGULAR,0.9606,1312.1,NETBANKING
679,4,cust_00000679,PREMIUM,0.9616,6382.34,CARD
680,0,cust_00000680,REGULAR,0.9818,8517.91,NETBANKING
681,1,cust_00000681,REGULAR,0.8849,6813.5,CARD
682,2,cust_00000682,REGULAR,0.9713,2494.56,CARD
683,3,cust_00000683,REGULAR,0.8762,1021.6,WALLET
684,4,cust_00000684,CHURN_RISK,0.4249,3019.89,WALLET
685,0,cust_00000685,NEW,0.4875,973.59,UPI
686,1,cust_00000686,REGULAR,0.9013,5968.58,WALLET
687,2,cust_00000687,REGULAR,0.7929,917.46,WALLET
688,3,cust_00000688,NEW,0.6873,1229.68,CARD
689,4,cust_00000689,REGULAR,0.6754,3853.32,CARD
690,0,cust_00000690,REGULAR,0.7242,5949.69,CARD
691,1,cust_00000691,CHURN_RISK,0.2874,1512.1,UPI
692,2,cust_00000692,REGULAR,0.8588,4100.04,UPI
693,3,cust_00000693,NEW,0.6866,1188.3,UPI
694,4,cust_00000694,REGULAR,0.6296,1824.78,NETBANKING
695,0,cust_00000695,NEW,0.6359,947.03,UPI
696,1,cust_00000696,REGULAR,0.7568,1732.17,UPI
697,2,cust_00000697,REGULAR,0.913,1250.58,UPI
698,3,cust_00000698,REGULAR,0.8191,2517.28,CARD
699,4,cust_00000699,REGULAR,0.6216,2161.18,NETBANKING
700,0,cust_00000700,NEW,0.4,1232.27,CARD
701,1,cust_00000701,REGULAR,0.758,3422.2,NETBANKING
702,2,cust_00000702,REGULAR,0.8153,5113.72,WALLET
703,3,cust_00000703,NEW,0.7018,3790.7,CARD
704,4,cust_00000704,NEW,0.847,1448.63,CARD
705,0,cust_00000705,REGULAR,0.7142,2115.81,UPI
706,1,cust_00000706,REGULAR,0.9505,848.02,NETBANKING
707,2,cust_00000707,CHURN_RISK,0.5144,3762.67,UPI
708,3,cust_00000708,NEW,0.5102,1282.57,UPI
709,4,cust_00000709,NEW,0.5169,1122.37,WALLET
710,0,cust_00000710,CHURN_RISK,0.2,1392.36,CARD
711,1,cust_00000711,NEW,0.6018,1125.64,CARD
712,2,cust_00000712,REGULAR,0.6761,5184.07,CARD
713,3,cust_00000713,REGULAR,0.8861,1506.13,NETBANKING
714,4,cust_00000714,PREMIUM,0.9485,8139.35,NETBANKING
715,0,cust_00000715,NEW,0.4874,3980.69,CARD
716,1,cust_00000716,CHURN_RISK,0.3804,3447.42,CARD
717,2,cust_00000717,REGULAR,0.8756,1982.55,CARD
718,3,cust_00000718,REGULAR,0.5778,8709.96,WALLET
719,4,cust_00000719,PREMIUM,0.9491,3337.41,UPI
720,0,cust_00000720,CHURN_RISK,0.4744,2797.91,WALLET
721,1,cust_00000721,PREMIUM,0.7119,3817.82,WALLET
722,2,cust_00000722,PREMIUM,0.9803,8062.6,UPI
723,3,cust_00000723,REGULAR,0.7938,1317.11,NETBANKING
724,4,cust_00000724,PREMIUM,0.9361,7401.15,CARD
725,0,cust_00000725,REGULAR,0.8662,1654.05,UPI
726,1,cust_00000726,REGULAR,0.918,935.93,NETBANKING
727,2,cust_00000727,REGULAR,0.7776,2304.9,NETBANKING
728,3,cust_00000728,PREMIUM,0.9209,17034.9,UPI
729,4,cust_00000729,PREMIUM,0.8634,5155.26,UPI
730,0,cust_00000730,REGULAR,0.7711,4189.72,CARD
731,1,cust_00000731,PREMIUM,0.8542,8811.61,CARD
732,2,cust_00000732,NEW,0.6701,3730.22,NETBANKING
733,3,cust_00000733,REGULAR,0.8705,2409.02,UPI
734,4,cust_00000734,REGULAR,0.8523,5288.55,CARD
735,0,cust_00000735,REGULAR,0.7886,1162.76,UPI
736,1,cust_00000736,REGULAR,0.6764,2834.16,WALLET
737,2,cust_00000737,PREMIUM,0.9865,7912.04,UPI
738,3,cust_00000738,PREMIUM,0.9251,6831.11,UPI
739,4,cust_00000739,NEW,0.8336,1313.15,UPI
740,0,cust_00000740,PREMIUM,0.933,7930.17,NETBANKING
741,1,cust_00000741,REGULAR,0.8228,3199.46,WALLET
742,2,cust_00000742,REGULAR,0.6143,2691.47,CARD
743,3,cust_00000743,REGULAR,0.8433,3098.86,NETBANKING
744,4,cust_00000744,REGULAR,0.7947,1019.09,UPI
745,0,cust_00000745,NEW,0.5207,2823.4,CARD
746,1,cust_00000746,NEW,0.7299,2549.34,CARD
747,2,cust_00000747,REGULAR,0.9718,2031.49,WALLET
748,3,cust_00000748,REGULAR,0.7585,1230.62,UPI
749,4,cust_00000749,REGULAR,0.9279,3668.88,NETBANKING
750,0,cust_00000750,REGULAR,0.7966,445.61,WALLET
751,1,cust_00000751,NEW,0.7308,1226.29,CARD
752,2,cust_00000752,REGULAR,0.8379,2209.54,CARD
753,3,cust_00000753,REGULAR,0.7692,5202.64,UPI
754,4,cust_00000754,CHURN_RISK,0.5698,1184.27,WALLET
755,0,cust_00000755,PREMIUM,0.978,7800.18,WALLET
756,1,cust_00000756,REGULAR,0.6513,1866.69,UPI
757,2,cust_00000757,NEW,0.7049,2419.22,WALLET
758,3,cust_00000758,REGULAR,0.7416,3911.96,UPI
759,4,cust_00000759,PREMIUM,0.9596,7541.78,UPI
760,0,cust_00000760,PREMIUM,0.952,9058.42,WALLET
761,1,cust_00000761,CHURN_RISK,0.4952,2628.54,UPI
762,2,cust_00000762,PREMIUM,0.8689,18804.92,NETBANKING
763,3,cust_00000763,REGULAR,0.8405,1712.88,NETBANKING
764,4,cust_00000764,PREMIUM,0.6814,5688.71,WALLET
765,0,cust_00000765,PREMIUM,0.9336,5842.2,WALLET
766,1,cust_00000766,REGULAR,0.9109,2189.14,UPI
767,2,cust_00000767,REGULAR,0.7219,3400.36,WALLET
768,3,cust_00000768,REGULAR,0.8445,1522.68,UPI
769,4,cust_00000769,REGULAR,0.8593,1266.09,CARD
770,0,cust_00000770,NEW,0.7878,377.17,UPI
771,1,cust_00000771,PREMIUM,0.9985,5656.31,CARD
772,2,cust_00000772,NEW,0.6552,1187.34,CARD
773,3,cust_00000773,REGULAR,0.9454,1659.95,WALLET
774,4,cust_00000774,REGULAR,0.8578,3456.32,UPI
775,0,cust_00000775,NEW,0.5861,401.27,WALLET
776,1,cust_00000776,NEW,0.4,1821.25,UPI
777,2,cust_00000777,REGULAR,0.8043,2051.65,NETBANKING
778,3,cust_00000778,CHURN_RISK,0.4352,816.45,UPI
779,4,cust_00000779,REGULAR,0.8717,1985.77,NETBANKING
780,0,cust_00000780,REGULAR,0.8952,1526.53,NETBANKING
781,1,cust_00000781,CHURN_RISK,0.307,574.16,CARD
782,2,cust_00000782,REGULAR,0.9065,3216.01,NETBANKING
783,3,cust_00000783,NEW,0.4675,399.86,CARD
784,4,cust_00000784,REGULAR,0.9191,3661.7,CARD
785,0,cust_00000785,NEW,0.8388,513.91,UPI
786,1,cust_00000786,REGULAR,0.7178,2030.18,NETBANKING
787,2,cust_00000787,REGULAR,0.8697,2238.62,NETBANKING
788,3,cust_00000788,REGULAR,0.796,1181.48,CARD
789,4,cust_00000789,REGULAR,0.8096,2038.17,UPI
790,0,cust_00000790,PREMIUM,0.7693,19618.19,NETBANKING
791,1,cust_00000791,PREMIUM,0.7005,7101.05,WALLET
792,2,cust_00000792,REGULAR,0.8624,6211.37,NETBANKING
793,3,cust_00000793,PREMIUM,0.9777,6748.22,WALLET
794,4,cust_00000794,REGULAR,0.8773,3814.81,NETBANKING
795,0,cust_00000795,NEW,0.7316,942.96,NETBANKING
796,1,cust_00000796,NEW,0.8269,959.06,NETBANKING
797,2,cust_00000797,NEW,0.6881,975.83,UPI
798,3,cust_00000798,REGULAR,0.8167,1849.75,NETBANKING
799,4,cust_00000799,NEW,0.6523,917.72,WALLET
800,0,cust_00000800,REGULAR,0.8313,9971.04,UPI
801,1,cust_00000801,PREMIUM,0.8704,2255.57,UPI
802,2,cust_00000802,PREMIUM,0.8792,4586.48,WALLET
803,3,cust_00000803,NEW,0.6687,3526.97,NETBANKING
804,4,cust_00000804,REGULAR,0.8222,2004.91,UPI
805,0,cust_00000805,REGULAR,0.7237,7573.45,UPI
806,1,cust_00000806,CHURN_RISK,0.2306,4861.71,CARD
807,2,cust_00000807,PREMIUM,0.9499,17557.16,CARD
808,3,cust_00000808,PREMIUM,0.9476,11221.18,WALLET
809,4,cust_00000809,CHURN_RISK,0.2212,1602.5,CARD
810,0,cust_00000810,REGULAR,0.8441,2442.14,CARD
811,1,cust_00000811,PREMIUM,0.9358,6706.49,CARD
812,2,cust_00000812,NEW,0.8004,2686.12,UPI
813,3,cust_00000813,NEW,0.7608,1255.58,WALLET
814,4,cust_00000814,REGULAR,0.9015,1286.82,UPI
815,0,cust_00000815,REGULAR,0.8287,3849.58,WALLET
816,1,cust_00000816,REGULAR,0.5796,1710.02,UPI
817,2,cust_00000817,PREMIUM,0.986,7197.95,WALLET
818,3,cust_00000818,REGULAR,0.6504,2164.34,NETBANKING
819,4,cust_00000819,REGULAR,0.9196,2126.01,CARD
820,0,cust_00000820,NEW,0.602,1529.79,UPI
821,1,cust_00000821,NEW,0.8352,1170.55,NETBANKING
822,2,cust_00000822,PREMIUM,0.9396,8674.38,CARD
823,3,cust_00000823,REGULAR,0.7983,3866.34,WALLET
824,4,cust_00000824,REGULAR,0.8278,2380.81,CARD
825,0,cust_00000825,NEW,0.734,257.59,CARD
826,1,cust_00000826,REGULAR,0.6523,5805.76,NETBANKING
827,2,cust_00000827,REGULAR,0.6194,5739.04,CARD
828,3,cust_00000828,REGULAR,0.9443,3358.69,NETBANKING
829,4,cust_00000829,REGULAR,0.7597,1866.45,WALLET
830,0,cust_00000830,NEW,0.7235,842.12,NETBANKING
831,1,cust_00000831,NEW,0.5233,1371.89,CARD
832,2,cust_00000832,REGULAR,0.9239,3236.96,NETBANKING
833,3,cust_00000833,NEW,0.6361,786.25,CARD
834,4,cust_00000834,CHURN_RISK,0.2184,755.37,NETBANKING
835,0,cust_00000835,REGULAR,0.824,1640.99,UPI
836,1,cust_00000836,REGULAR,0.8261,5058.54,CARD
837,2,cust_00000837,PREMIUM,0.9781,17082.05,WALLET
838,3,cust_00000838,NEW,0.6351,4342.54,NETBANKING
839,4,cust_00000839,REGULAR,0.8575,3408.19,WALLET
840,0,cust_00000840,REGULAR,0.8461,670.92,UPI
841,1,cust_00000841,PREMIUM,0.9418,11650.04,NETBANKING
842,2,cust_00000842,NEW,0.5685,5298.85,UPI
843,3,cust_00000843,REGULAR,0.6099,5986.88,NETBANKING
844,4,cust_00000844,NEW,0.6874,4045.26,NETBANKING
845,0,cust_00000845,PREMIUM,0.9058,13102.77,NETBANKING
846,1,cust_00000846,CHURN_RISK,0.6776,1479.81,NETBANKING
847,2,cust_00000847,REGULAR,0.6284,2250.56,CARD
848,3,cust_00000848,REGULAR,0.8982,4034.8,WALLET
849,4,cust_00000849,NEW,0.8537,913.47,CARD
850,0,cust_00000850,CHURN_RISK,0.5424,2270.71,UPI
851,1,cust_00000851,REGULAR,0.8158,2182.39,WALLET
852,2,cust_00000852,REGULAR,0.7789,1354.0,UPI
853,3,cust_00000853,NEW,0.7271,1236.05,NETBANKING
854,4,cust_00000854,NEW,0.7572,1504.43,NETBANKING
855,0,cust_00000855,REGULAR,0.7282,1929.62,WALLET
856,1,cust_00000856,REGULAR,0.7738,2176.71,CARD
857,2,cust_00000857,NEW,0.4,906.34,WALLET
858,3,cust_00000858,NEW,0.6166,2530.93,WALLET
859,4,cust_00000859,NEW,0.4799,2646.76,CARD
860,0,cust_00000860,REGULAR,0.664,7193.88,CARD
861,1,cust_00000861,PREMIUM,0.9217,4334.58,UPI
862,2,cust_00000862,CHURN_RISK,0.3868,2876.17,UPI
863,3,cust_00000863,NEW,0.8561,1212.79,CARD
864,4,cust_00000864,NEW,0.4743,1828.18,UPI
865,0,cust_00000865,PREMIUM,0.9158,9595.53,NETBANKING
866,1,cust_00000866,REGULAR,0.7686,3737.16,CARD
867,2,cust_00000867,NEW,0.6639,2727.02,UPI
868,3,cust_00000868,PREMIUM,0.9418,4885.3,WALLET
869,4,cust_00000869,CHURN_RISK,0.4196,1889.66,NETBANKING
870,0,cust_00000870,REGULAR,0.6883,2499.63,WALLET
871,1,cust_00000871,NEW,0.6308,687.61,UPI
872,2,cust_00000872,NEW,0.5391,2112.27,NETBANKING
873,3,cust_00000873,REGULAR,0.8279,2613.57,UPI
874,4,cust_00000874,REGULAR,0.753,4617.09,WALLET
875,0,cust_00000875,REGULAR,0.7116,6634.01,UPI
876,1,cust_00000876,REGULAR,0.7964,3140.45,WALLET
877,2,cust_00000877,REGULAR,0.6046,3153.19,CARD
878,3,cust_00000878,REGULAR,0.8363,2296.8,NETBANKING
879,4,cust_00000879,CHURN_RISK,0.2661,4166.62,CARD
880,0,cust_00000880,REGULAR,0.7055,3405.14,WALLET
881,1,cust_00000881,REGULAR,0.7758,3239.0,CARD
882,2,cust_00000882,REGULAR,0.8017,1713.11,CARD
883,3,cust_00000883,REGULAR,0.927,1382.15,NETBANKING
884,4,cust_00000884,PREMIUM,0.9864,6645.98,WALLET
885,0,cust_00000885,REGULAR,0.788,1464.74,CARD
886,1,cust_00000886,NEW,0.6763,1128.28,CARD
887,2,cust_00000887,REGULAR,0.8691,1703.95,UPI
888,3,cust_00000888,CHURN_RISK,0.4237,608.59,WALLET
889,4,cust_00000889,REGULAR,0.8618,2468.38,NETBANKING
890,0,cust_00000890,PREMIUM,0.9703,5072.03,NETBANKING
891,1,cust_00000891,NEW,0.7844,2395.34,UPI
892,2,cust_00000892,NEW,0.8096,2989.08,NETBANKING
893,3,cust_00000893,REGULAR,0.849,2221.47,WALLET
894,4,cust_00000894,REGULAR,0.9045,1166.82,UPI
895,0,cust_00000895,REGULAR,0.8366,800.77,WALLET
896,1,cust_00000896,REGULAR,0.7338,2291.78,UPI
897,2,cust_00000897,REGULAR,0.659,2666.43,UPI
898,3,cust_00000898,REGULAR,0.8055,1849.1,NETBANKING
899,4,cust_00000899,PREMIUM,0.9355,10213.17,NETBANKING
900,0,cust_00000900,REGULAR,0.7875,1442.78,UPI
901,1,cust_00000901,CHURN_RISK,0.485,806.0,UPI
902,2,cust_00000902,NEW,0.6618,2873.83,CARD
903,3,cust_00000903,REGULAR,0.7869,2311.39,WALLET
904,4,cust_00000904,PREMIUM,0.8967,8162.87,WALLET
905,0,cust_00000905,REGULAR,0.8955,2725.72,NETBANKING
906,1,cust_00000906,REGULAR,0.9221,463.44,WALLET
907,2,cust_00000907,NEW,0.7928,2556.92,UPI
908,3,cust_00000908,NEW,0.6545,553.01,WALLET
909,4,cust_00000909,CHURN_RISK,0.3664,2046.76,UPI
910,0,cust_00000910,CHURN_RISK,0.4706,1174.2,NETBANKING
911,1,cust_00000911,CHURN_RISK,0.4745,486.98,CARD
912,2,cust_00000912,CHURN_RISK,0.3028,1401.79,UPI
913,3,cust_00000913,PREMIUM,0.9352,9005.18,NETBANKING
914,4,cust_00000914,PREMIUM,0.8979,6881.93,NETBANKING
915,0,cust_00000915,REGULAR,0.8752,2365.0,CARD
916,1,cust_00000916,REGULAR,0.877,937.94,UPI
917,2,cust_00000917,PREMIUM,0.8785,12021.15,WALLET
918,3,cust_00000918,NEW,0.772,2089.87,WALLET
919,4,cust_00000919,REGULAR,0.9588,4344.29,CARD
920,0,cust_00000920,REGULAR,0.8533,3226.57,NETBANKING
921,1,cust_00000921,REGULAR,0.8639,2158.76,NETBANKING
922,2,cust_00000922,REGULAR,0.5185,2784.79,WALLET
923,3,cust_00000923,REGULAR,0.6894,1749.57,UPI
924,4,cust_00000924,NEW,0.7139,764.51,UPI
925,0,cust_00000925,REGULAR,0.6696,2923.65,UPI
926,1,cust_00000926,NEW,0.6635,1815.42,NETBANKING
927,2,cust_00000927,REGULAR,0.6851,3246.4,NETBANKING
928,3,cust_00000928,REGULAR,0.837,6844.8,CARD
929,4,cust_00000929,REGULAR,0.9225,3142.73,NETBANKING
930,0,cust_00000930,NEW,0.9216,676.99,CARD
931,1,cust_00000931,NEW,0.7139,4083.67,UPI
932,2,cust_00000932,REGULAR,0.7565,3681.22,WALLET
933,3,cust_00000933,CHURN_RISK,0.3392,1584.09,NETBANKING
934,4,cust_00000934,PREMIUM,0.8863,5410.46,NETBANKING
935,0,cust_00000935,NEW,0.8154,1613.81,NETBANKING
936,1,cust_00000936,PREMIUM,0.8939,10163.32,UPI
937,2,cust_00000937,REGULAR,0.8227,5467.86,UPI
938,3,cust_00000938,NEW,0.6849,2926.74,CARD
939,4,cust_00000939,REGULAR,0.8811,7989.1,NETBANKING
940,0,cust_00000940,REGULAR,0.8873,1118.05,UPI
941,1,cust_00000941,REGULAR,0.8487,2842.71,WALLET
942,2,cust_00000942,REGULAR,0.8877,2207.63,UPI
943,3,cust_00000943,NEW,0.5727,1008.71,WALLET
944,4,cust_00000944,NEW,0.7148,2398.25,UPI
945,0,cust_00000945,NEW,0.5688,1192.57,WALLET
946,1,cust_00000946,REGULAR,0.7386,2178.53,NETBANKING
947,2,cust_00000947,REGULAR,0.9428,1827.94,WALLET
948,3,cust_00000948,REGULAR,0.747,2818.04,CARD
949,4,cust_00000949,REGULAR,0.9107,3208.04,CARD
950,0,cust_00000950,REGULAR,0.6979,403.01,NETBANKING
951,1,cust_00000951,CHURN_RISK,0.2081,1300.24,NETBANKING
952,2,cust_00000952,NEW,0.6145,2517.48,UPI
953,3,cust_00000953,NEW,0.6904,1220.53,WALLET
954,4,cust_00000954,REGULAR,0.8334,4544.38,WALLET
955,0,cust_00000955,REGULAR,0.9006,1676.2,WALLET
956,1,cust_00000956,REGULAR,0.7188,797.42,NETBANKING
957,2,cust_00000957,REGULAR,0.7509,2846.74,NETBANKING
958,3,cust_00000958,REGULAR,0.9122,3987.09,WALLET
959,4,cust_00000959,PREMIUM,0.8673,11234.57,UPI
960,0,cust_00000960,PREMIUM,0.9347,6600.99,NETBANKING
961,1,cust_00000961,CHURN_RISK,0.6483,1289.14,NETBANKING
962,2,cust_00000962,REGULAR,0.9137,5344.22,NETBANKING
963,3,cust_00000963,CHURN_RISK,0.6796,2002.95,NETBANKING
964,4,cust_00000964,REGULAR,0.5,5965.71,CARD
965,0,cust_00000965,REGULAR,0.8635,1378.14,WALLET
966,1,cust_00000966,REGULAR,0.7842,2403.34,NETBANKING
967,2,cust_00000967,REGULAR,0.787,3177.42,CARD
968,3,cust_00000968,PREMIUM,0.8776,4515.03,NETBANKING
969,4,cust_00000969,PREMIUM,0.8083,2933.74,UPI
970,0,cust_00000970,CHURN_RISK,0.3799,1306.37,CARD
971,1,cust_00000971,REGULAR,0.8171,3253.46,CARD
972,2,cust_00000972,REGULAR,0.925,2354.44,CARD
973,3,cust_00000973,REGULAR,0.8773,2309.48,NETBANKING
974,4,cust_00000974,REGULAR,0.8987,2865.71,WALLET
975,0,cust_00000975,REGULAR,0.8274,8867.35,CARD
976,1,cust_00000976,REGULAR,0.8666,963.04,WALLET
977,2,cust_00000977,CHURN_RISK,0.2737,1278.84,CARD
978,3,cust_00000978,NEW,0.5702,1985.47,WALLET
979,4,cust_00000979,NEW,0.8689,2445.08,WALLET
980,0,cust_00000980,REGULAR,0.7967,1393.81,NETBANKING
981,1,cust_00000981,REGULAR,0.8304,3602.03,NETBANKING
982,2,cust_00000982,CHURN_RISK,0.4482,1982.83,NETBANKING
983,3,cust_00000983,REGULAR,0.8714,2177.11,CARD
984,4,cust_00000984,PREMIUM,0.7424,10681.84,WALLET
985,0,cust_00000985,REGULAR,0.9394,2876.68,WALLET
986,1,cust_00000986,NEW,0.6991,2546.95,CARD
987,2,cust_00000987,REGULAR,0.8207,3478.6,CARD
988,3,cust_00000988,NEW,0.9006,796.65,WALLET
989,4,cust_00000989,NEW,0.7159,619.56,UPI
990,0,cust_00000990,REGULAR,0.8835,2209.91,NETBANKING
991,1,cust_00000991,CHURN_RISK,0.299,1608.36,UPI
992,2,cust_00000992,REGULAR,0.7108,3331.06,UPI
993,3,cust_00000993,REGULAR,0.8328,2531.55,WALLET
994,4,cust_00000994,PREMIUM,0.9379,4058.76,UPI
995,0,cust_00000995,CHURN_RISK,0.5204,1263.52,NETBANKING
996,1,cust_00000996,REGULAR,0.6901,8293.81,CARD
997,2,cust_00000997,PREMIUM,0.8331,5588.91,UPI
998,3,cust_00000998,REGULAR,0.9187,3488.52,WALLET
999,4,cust_00000999,PREMIUM,0.9842,6380.62,NETBANKING
1000,0,cust_00001000,REGULAR,0.591,4765.9,CARD
1001,1,cust_00001001,REGULAR,0.8094,2462.18,WALLET
1002,2,cust_00001002,REGULAR,0.7667,4183.5,NETBANKING
1003,3,cust_00001003,CHURN_RISK,0.3735,2223.64,UPI
1004,4,cust_00001004,REGULAR,0.7999,2752.71,WALLET
1005,0,cust_00001005,NEW,0.5958,1002.72,NETBANKING
1006,1,cust_00001006,REGULAR,0.7387,1925.56,CARD
1007,2,cust_00001007,NEW,0.4739,1166.05,UPI
1008,3,cust_00001008,REGULAR,0.8512,1393.46,NETBANKING
1009,4,cust_00001009,REGULAR,0.8778,2554.05,CARD
1010,0,cust_00001010,CHURN_RISK,0.2355,5104.24,NETBANKING
1011,1,cust_00001011,REGULAR,0.7322,2774.67,NETBANKING
1012,2,cust_00001012,REGULAR,0.7553,2342.22,NETBANKING
1013,3,cust_00001013,NEW,0.6531,8602.14,CARD
1014,4,cust_00001014,NEW,0.4029,1804.69,NETBANKING
1015,0,cust_00001015,PREMIUM,0.8445,6467.35,CARD
1016,1,cust_00001016,REGULAR,0.8028,887.83,UPI
1017,2,cust_00001017,NEW,0.6908,738.97,UPI
1018,3,cust_00001018,NEW,0.5553,3824.87,WALLET
1019,4,cust_00001019,CHURN_RISK,0.249,2614.12,CARD
1020,0,cust_00001020,REGULAR,0.8393,2928.54,CARD
1021,1,cust_00001021,NEW,0.6263,1221.83,CARD
1022,2,cust_00001022,REGULAR,0.8654,3842.55,NETBANKING
1023,3,cust_00001023,CHURN_RISK,0.2,1006.18,UPI
1024,4,cust_00001024,REGULAR,0.7789,3405.81,WALLET
1025,0,cust_00001025,NEW,0.7254,3885.83,WALLET
1026,1,cust_00001026,REGULAR,0.7752,5251.05,UPI
1027,2,cust_00001027,REGULAR,0.8856,1272.62,NETBANKING
1028,3,cust_00001028,NEW,0.7004,1537.84,WALLET
1029,4,cust_00001029,REGULAR,0.8891,3534.33,WALLET
1030,0,cust_00001030,CHURN_RISK,0.2109,1606.7,NETBANKING
1031,1,cust_00001031,REGULAR,0.7507,1917.05,UPI
1032,2,cust_00001032,REGULAR,0.9176,1664.88,CARD
1033,3,cust_00001033,REGULAR,0.8057,5157.98,UPI
1034,4,cust_00001034,REGULAR,0.7558,3742.31,CARD
1035,0,cust_00001035,REGULAR,0.9101,3792.22,CARD
1036,1,cust_00001036,PREMIUM,0.9347,4648.23,UPI
1037,2,cust_00001037,PREMIUM,0.8762,6208.68,WALLET
1038,3,cust_00001038,NEW,0.646,2445.64,WALLET
1039,4,cust_00001039,NEW,0.6434,683.22,UPI
1040,0,cust_00001040,NEW,0.6524,3854.21,UPI
1041,1,cust_00001041,PREMIUM,0.9042,4257.52,UPI
1042,2,cust_00001042,REGULAR,0.7693,3088.23,NETBANKING
1043,3,cust_00001043,REGULAR,0.6937,1324.55,UPI
1044,4,cust_00001044,NEW,0.4445,895.94,NETBANKING
1045,0,cust_00001045,NEW,0.7137,2847.19,CARD
1046,1,cust_00001046,REGULAR,0.8002,1584.89,WALLET
1047,2,cust_00001047,NEW,0.5925,830.83,CARD
1048,3,cust_00001048,PREMIUM,0.9046,9987.51,CARD
1049,4,cust_00001049,REGULAR,0.9231,1284.43,NETBANKING
1050,0,cust_00001050,PREMIUM,0.8049,6128.27,NETBANKING
1051,1,cust_00001051,REGULAR,0.8435,1312.95,CARD
1052,2,cust_00001052,NEW,0.6499,3280.6,NETBANKING
1053,3,cust_00001053,CHURN_RISK,0.3415,3871.38,UPI
1054,4,cust_00001054,REGULAR,0.8928,3118.2,NETBANKING
1055,0,cust_00001055,REGULAR,0.6598,1150.21,NETBANKING
1056,1,cust_00001056,NEW,0.4882,2004.87,NETBANKING
1057,2,cust_00001057,CHURN_RISK,0.2164,1705.35,CARD
1058,3,cust_00001058,REGULAR,0.8437,2805.01,NETBANKING
1059,4,cust_00001059,REGULAR,0.9183,3100.53,WALLET
1060,0,cust_00001060,REGULAR,0.7999,1385.69,WALLET
1061,1,cust_00001061,REGULAR,0.7332,2208.18,NETBANKING
1062,2,cust_00001062,CHURN_RISK,0.5292,1159.26,UPI
1063,3,cust_00001063,REGULAR,0.9356,2374.5,UPI
1064,4,cust_00001064,NEW,0.5306,1054.15,CARD
1065,0,cust_00001065,PREMIUM,0.9071,11015.6,CARD
1066,1,cust_00001066,REGULAR,0.8297,3115.35,CARD
1067,2,cust_00001067,NEW,0.7468,2224.16,CARD
1068,3,cust_00001068,REGULAR,0.8311,2175.08,WALLET
1069,4,cust_00001069,REGULAR,0.8575,1444.65,CARD
1070,0,cust_00001070,CHURN_RISK,0.4044,1262.53,UPI
1071,1,cust_00001071,NEW,0.8546,497.97,CARD
1072,2,cust_00001072,REGULAR,0.9041,4256.36,CARD
1073,3,cust_00001073,REGULAR,0.7238,566.51,UPI
1074,4,cust_00001074,REGULAR,0.8476,3658.59,CARD
1075,0,cust_00001075,REGULAR,0.8106,2815.3,WALLET
1076,1,cust_00001076,REGULAR,0.6427,6500.4,UPI
1077,2,cust_00001077,REGULAR,0.7662,960.92,WALLET
1078,3,cust_00001078,CHURN_RISK,0.6609,606.26,WALLET
1079,4,cust_00001079,CHURN_RISK,0.4759,768.14,UPI
1080,0,cust_00001080,NEW,0.7962,251.8,WALLET
1081,1,cust_00001081,CHURN_RISK,0.2,1102.9,NETBANKING
1082,2,cust_00001082,NEW,0.7142,899.49,WALLET
1083,3,cust_00001083,NEW,0.7503,962.85,NETBANKING
1084,4,cust_00001084,NEW,0.6801,963.67,CARD
1085,0,cust_00001085,REGULAR,0.9533,5848.93,NETBANKING
1086,1,cust_00001086,REGULAR,0.7862,3194.18,CARD
1087,2,cust_00001087,REGULAR,0.9116,1217.48,UPI
1088,3,cust_00001088,REGULAR,0.7446,3875.0,CARD
1089,4,cust_00001089,REGULAR,0.8297,2718.23,UPI
1090,0,cust_00001090,REGULAR,0.7203,3919.46,NETBANKING
1091,1,cust_00001091,REGULAR,0.9082,2034.59,UPI
1092,2,cust_00001092,REGULAR,0.764,1950.02,UPI
1093,3,cust_00001093,REGULAR,0.8287,2509.44,WALLET
1094,4,cust_00001094,NEW,0.7794,819.5,NETBANKING
1095,0,cust_00001095,NEW,0.5647,616.17,UPI
1096,1,cust_00001096,REGULAR,0.674,2859.06,CARD
1097,2,cust_00001097,PREMIUM,0.8456,4172.02,CARD
1098,3,cust_00001098,REGULAR,0.9228,2065.33,UPI
1099,4,cust_00001099,NEW,0.7624,1754.73,CARD
1100,0,cust_00001100,NEW,0.716,2047.05,CARD
1101,1,cust_00001101,PREMIUM,0.9066,9922.77,UPI
1102,2,cust_00001102,NEW,0.6766,1544.17,NETBANKING
1103,3,cust_00001103,PREMIUM,0.9465,8501.02,UPI
1104,4,cust_00001104,REGULAR,0.7498,1978.15,UPI
1105,0,cust_00001105,CHURN_RISK,0.2848,2380.2,UPI
1106,1,cust_00001106,REGULAR,0.6906,5959.66,UPI
1107,2,cust_00001107,REGULAR,0.8288,1023.62,NETBANKING
1108,3,cust_00001108,REGULAR,0.9283,2016.14,NETBANKING
1109,4,cust_00001109,REGULAR,0.7883,4255.65,CARD
1110,0,cust_00001110,CHURN_RISK,0.2,1308.47,CARD
1111,1,cust_00001111,CHURN_RISK,0.3173,1488.41,NETBANKING
1112,2,cust_00001112,PREMIUM,0.9294,11680.79,CARD
1113,3,cust_00001113,PREMIUM,0.921,9535.33,NETBANKING
1114,4,cust_00001114,NEW,0.6746,1116.15,NETBANKING
1115,0,cust_00001115,REGULAR,0.9051,9034.68,CARD
1116,1,cust_00001116,NEW,0.7698,2590.97,UPI
1117,2,cust_00001117,NEW,0.7993,1223.31,NETBANKING
1118,3,cust_00001118,PREMIUM,0.9551,4428.26,CARD
1119,4,cust_00001119,NEW,0.5936,811.45,NETBANKING
1120,0,cust_00001120,REGULAR,0.9089,3138.22,CARD
1121,1,cust_00001121,REGULAR,0.5073,825.88,UPI
1122,2,cust_00001122,REGULAR,0.7759,3497.47,NETBANKING
1123,3,cust_00001123,REGULAR,0.9567,1488.71,CARD
1124,4,cust_00001124,NEW,0.6805,1954.89,UPI
1125,0,cust_00001125,NEW,0.643,907.58,WALLET
1126,1,cust_00001126,CHURN_RISK,0.3639,1469.65,WALLET
1127,2,cust_00001127,CHURN_RISK,0.319,1447.44,UPI
1128,3,cust_00001128,REGULAR,0.7969,5353.13,CARD
1129,4,cust_00001129,PREMIUM,0.9686,6086.1,NETBANKING
1130,0,cust_00001130,NEW,0.6403,793.05,NETBANKING
1131,1,cust_00001131,CHURN_RISK,0.4935,2688.92,CARD
1132,2,cust_00001132,REGULAR,0.585,811.48,WALLET
1133,3,cust_00001133,REGULAR,0.8455,1855.97,NETBANKING
1134,4,cust_00001134,REGULAR,0.8066,1190.91,UPI
1135,0,cust_00001135,PREMIUM,0.9829,11410.04,CARD
1136,1,cust_00001136,NEW,0.6324,216.14,UPI
1137,2,cust_00001137,REGULAR,0.8412,3829.23,NETBANKING
1138,3,cust_00001138,NEW,0.4232,1166.04,UPI
1139,4,cust_00001139,NEW,0.5702,1490.71,CARD
1140,0,cust_00001140,NEW,0.5501,535.31,WALLET
1141,1,cust_00001141,REGULAR,0.724,2041.04,CARD
1142,2,cust_00001142,REGULAR,0.7257,2000.97,WALLET
1143,3,cust_00001143,NEW,0.878,1348.1,CARD
1144,4,cust_00001144,NEW,0.6518,958.78,NETBANKING
1145,0,cust_00001145,REGULAR,0.8439,2577.45,UPI
1146,1,cust_00001146,NEW,0.6204,1392.99,CARD
1147,2,cust_00001147,PREMIUM,0.861,13069.86,NETBANKING
1148,3,cust_00001148,NEW,0.7341,2135.45,WALLET
1149,4,cust_00001149,PREMIUM,0.9295,5249.48,WALLET
1150,0,cust_00001150,REGULAR,0.8266,2452.49,UPI
1151,1,cust_00001151,REGULAR,0.8195,5680.64,WALLET
1152,2,cust_00001152,PREMIUM,0.9875,21703.85,NETBANKING
1153,3,cust_00001153,PREMIUM,0.9372,14873.58,NETBANKING
1154,4,cust_00001154,PREMIUM,0.9066,5752.42,WALLET
1155,0,cust_00001155,REGULAR,0.833,1802.11,CARD
1156,1,cust_00001156,NEW,0.664,413.39,NETBANKING
1157,2,cust_00001157,PREMIUM,0.9573,8675.75,UPI
1158,3,cust_00001158,NEW,0.943,1803.66,WALLET
1159,4,cust_00001159,NEW,0.89,447.52,UPI
1160,0,cust_00001160,REGULAR,0.8401,5048.24,UPI
1161,1,cust_00001161,PREMIUM,0.9527,12185.73,UPI
1162,2,cust_00001162,NEW,0.4613,1113.92,WALLET
1163,3,cust_00001163,NEW,0.7591,1799.86,CARD
1164,4,cust_00001164,REGULAR,0.8814,2200.83,CARD
1165,0,cust_00001165,NEW,0.4833,1248.51,CARD
1166,1,cust_00001166,PREMIUM,0.8458,11412.55,CARD
1167,2,cust_00001167,REGULAR,0.8525,1218.93,UPI
1168,3,cust_00001168,NEW,0.8451,332.27,UPI
1169,4,cust_00001169,REGULAR,0.6684,4729.95,NETBANKING
1170,0,cust_00001170,NEW,0.4,1852.08,NETBANKING
1171,1,cust_00001171,REGULAR,0.5269,1225.73,CARD
1172,2,cust_00001172,NEW,0.4676,1025.3,NETBANKING
1173,3,cust_00001173,REGULAR,0.7568,4172.12,NETBANKING
1174,4,cust_00001174,REGULAR,0.6314,3394.35,UPI
1175,0,cust_00001175,REGULAR,0.7831,1844.8,NETBANKING
1176,1,cust_00001176,REGULAR,0.7717,6272.36,CARD
1177,2,cust_00001177,NEW,0.7302,4586.58,CARD
1178,3,cust_00001178,PREMIUM,0.973,10847.32,CARD
1179,4,cust_00001179,PREMIUM,0.8668,5264.1,UPI
1180,0,cust_00001180,REGULAR,0.6602,2734.57,CARD
1181,1,cust_00001181,REGULAR,0.8887,3898.11,WALLET
1182,2,cust_00001182,NEW,0.4323,1996.44,WALLET
1183,3,cust_00001183,REGULAR,0.9159,3525.78,UPI
1184,4,cust_00001184,CHURN_RISK,0.3651,1353.38,NETBANKING
1185,0,cust_00001185,PREMIUM,0.8558,4930.8,NETBANKING
1186,1,cust_00001186,NEW,0.9071,3444.71,UPI
1187,2,cust_00001187,REGULAR,0.7605,6340.78,UPI
1188,3,cust_00001188,REGULAR,0.8988,4872.69,WALLET
1189,4,cust_00001189,NEW,0.8784,1912.81,WALLET
1190,0,cust_00001190,CHURN_RISK,0.2,1595.75,NETBANKING
1191,1,cust_00001191,NEW,0.8595,2705.26,NETBANKING
1192,2,cust_00001192,REGULAR,0.8979,1098.35,WALLET
1193,3,cust_00001193,REGULAR,0.9031,2528.89,CARD
1194,4,cust_00001194,NEW,0.4192,296.54,NETBANKING
1195,0,cust_00001195,REGULAR,0.698,635.72,CARD
1196,1,cust_00001196,NEW,0.9033,3633.88,UPI
1197,2,cust_00001197,REGULAR,0.9372,5781.08,WALLET
1198,3,cust_00001198,REGULAR,0.8092,4974.71,CARD
1199,4,cust_00001199,NEW,0.8745,411.94,UPI
1200,0,cust_00001200,NEW,0.5042,1164.78,CARD
1201,1,cust_00001201,PREMIUM,0.9481,9956.09,WALLET
1202,2,cust_00001202,PREMIUM,0.8941,10536.27,WALLET
1203,3,cust_00001203,REGULAR,0.7031,2493.73,WALLET
1204,4,cust_00001204,REGULAR,0.8073,1030.52,CARD
1205,0,cust_00001205,REGULAR,0.902,5115.0,UPI
1206,1,cust_00001206,REGULAR,0.8082,19178.72,UPI
1207,2,cust_00001207,NEW,0.8393,693.55,UPI
1208,3,cust_00001208,NEW,0.5015,1232.01,CARD
1209,4,cust_00001209,REGULAR,0.7236,4585.01,UPI
1210,0,cust_00001210,REGULAR,0.9127,497.29,UPI
1211,1,cust_00001211,REGULAR,0.88,1281.16,WALLET
1212,2,cust_00001212,REGULAR,0.8603,2059.33,CARD
1213,3,cust_00001213,REGULAR,0.8552,1713.41,WALLET
1214,4,cust_00001214,REGULAR,0.7039,835.48,CARD
1215,0,cust_00001215,NEW,0.6623,979.64,UPI
1216,1,cust_00001216,PREMIUM,0.9688,5357.35,CARD
1217,2,cust_00001217,PREMIUM,0.9795,7640.46,CARD
1218,3,cust_00001218,REGULAR,0.8701,1445.43,NETBANKING
1219,4,cust_00001219,NEW,0.5024,753.64,CARD
1220,0,cust_00001220,REGULAR,0.6364,3119.89,NETBANKING
1221,1,cust_00001221,REGULAR,0.724,2579.87,UPI
1222,2,cust_00001222,NEW,0.7604,1022.37,NETBANKING
1223,3,cust_00001223,REGULAR,0.9463,4352.38,WALLET
1224,4,cust_00001224,REGULAR,0.7752,1385.62,WALLET
1225,0,cust_00001225,CHURN_RISK,0.3933,944.27,CARD
1226,1,cust_00001226,PREMIUM,0.9233,5930.18,WALLET
1227,2,cust_00001227,REGULAR,0.8823,3233.83,WALLET
1228,3,cust_00001228,REGULAR,0.6998,2244.97,CARD
1229,4,cust_00001229,REGULAR,0.5881,2351.74,CARD
1230,0,cust_00001230,NEW,0.8364,2791.54,WALLET
1231,1,cust_00001231,REGULAR,0.9245,1679.38,CARD
1232,2,cust_00001232,PREMIUM,0.9917,8143.52,NETBANKING
1233,3,cust_00001233,REGULAR,0.8672,8947.11,NETBANKING
1234,4,cust_00001234,REGULAR,0.7288,2027.2,WALLET
1235,0,cust_00001235,REGULAR,0.895,4854.75,CARD
1236,1,cust_00001236,PREMIUM,0.9492,14779.76,NETBANKING
1237,2,cust_00001237,NEW,0.7374,1487.54,UPI
1238,3,cust_00001238,REGULAR,0.7736,2120.99,NETBANKING
1239,4,cust_00001239,REGULAR,0.8568,1896.77,UPI
1240,0,cust_00001240,PREMIUM,0.9235,11593.88,NETBANKING
1241,1,cust_00001241,REGULAR,0.8723,790.51,CARD
1242,2,cust_00001242,REGULAR,0.8341,5315.5,WALLET
1243,3,cust_00001243,REGULAR,0.935,3655.53,NETBANKING
1244,4,cust_00001244,REGULAR,0.6512,1583.61,NETBANKING
1245,0,cust_00001245,NEW,0.5687,6950.13,NETBANKING
1246,1,cust_00001246,CHURN_RISK,0.2273,1729.8,CARD
1247,2,cust_00001247,PREMIUM,0.8915,14070.45,UPI
1248,3,cust_00001248,PREMIUM,0.9152,4125.82,WALLET
1249,4,cust_00001249,PREMIUM,0.8392,7927.39,UPI
1250,0,cust_00001250,REGULAR,0.8951,889.21,UPI
1251,1,cust_00001251,PREMIUM,0.86,13690.94,CARD
1252,2,cust_00001252,NEW,0.814,1278.95,UPI
1253,3,cust_00001253,NEW,0.6387,1003.44,WALLET
1254,4,cust_00001254,NEW,0.7943,2239.08,NETBANKING
1255,0,cust_00001255,REGULAR,0.8701,579.38,CARD
1256,1,cust_00001256,CHURN_RISK,0.2,4946.58,WALLET
1257,2,cust_00001257,PREMIUM,0.9899,6157.27,WALLET
1258,3,cust_00001258,REGULAR,0.7371,2552.96,NETBANKING
1259,4,cust_00001259,REGULAR,0.7361,2693.35,UPI
1260,0,cust_00001260,CHURN_RISK,0.3238,1815.76,NETBANKING
1261,1,cust_00001261,REGULAR,0.6342,1939.86,UPI
1262,2,cust_00001262,NEW,0.6257,1756.62,NETBANKING
1263,3,cust_00001263,REGULAR,0.8448,1639.97,UPI
1264,4,cust_00001264,CHURN_RISK,0.2,3894.69,NETBANKING
1265,0,cust_00001265,REGULAR,0.8641,4131.82,CARD
1266,1,cust_00001266,REGULAR,0.5627,1189.6,UPI
1267,2,cust_00001267,CHURN_RISK,0.4687,3097.76,UPI
1268,3,cust_00001268,REGULAR,0.79,2028.49,NETBANKING
1269,4,cust_00001269,REGULAR,0.8371,2640.48,CARD
1270,0,cust_00001270,REGULAR,0.7669,4148.22,UPI
1271,1,cust_00001271,PREMIUM,0.9736,7226.48,UPI
1272,2,cust_00001272,REGULAR,0.9311,1716.74,NETBANKING
1273,3,cust_00001273,REGULAR,0.843,2152.71,WALLET
1274,4,cust_00001274,PREMIUM,0.9137,6884.9,NETBANKING
1275,0,cust_00001275,NEW,0.7919,787.27,UPI
1276,1,cust_00001276,REGULAR,0.8462,1903.49,NETBANKING
1277,2,cust_00001277,REGULAR,0.8452,1927.96,NETBANKING
1278,3,cust_00001278,REGULAR,0.9293,1133.37,CARD
1279,4,cust_00001279,REGULAR,0.8445,1739.54,UPI
1280,0,cust_00001280,REGULAR,0.8,5167.87,WALLET
1281,1,cust_00001281,CHURN_RISK,0.5899,1466.6,WALLET
1282,2,cust_00001282,CHURN_RISK,0.4294,764.9,WALLET
1283,3,cust_00001283,REGULAR,0.9519,906.43,NETBANKING
1284,4,cust_00001284,REGULAR,0.6296,2077.95,UPI
1285,0,cust_00001285,REGULAR,0.7746,2378.96,CARD
1286,1,cust_00001286,REGULAR,0.8808,3047.62,WALLET
1287,2,cust_00001287,REGULAR,0.7542,2606.33,NETBANKING
1288,3,cust_00001288,NEW,0.8307,789.52,UPI
1289,4,cust_00001289,REGULAR,0.7505,2056.95,NETBANKING
1290,0,cust_00001290,REGULAR,0.7827,6460.8,CARD
1291,1,cust_00001291,REGULAR,0.7905,1916.59,WALLET
1292,2,cust_00001292,REGULAR,0.7306,4312.89,NETBANKING
1293,3,cust_00001293,PREMIUM,0.9089,9103.0,WALLET
1294,4,cust_00001294,REGULAR,0.7853,6411.06,NETBANKING
1295,0,cust_00001295,NEW,0.4171,783.95,UPI
1296,1,cust_00001296,REGULAR,0.8628,4517.41,NETBANKING
1297,2,cust_00001297,REGULAR,0.7771,4845.69,CARD
1298,3,cust_00001298,REGULAR,0.7303,2242.67,UPI
1299,4,cust_00001299,NEW,0.6272,3261.24,NETBANKING
1300,0,cust_00001300,REGULAR,0.9401,3573.51,CARD
1301,1,cust_00001301,NEW,0.8704,960.2,WALLET
1302,2,cust_00001302,CHURN_RISK,0.3342,4028.09,UPI
1303,3,cust_00001303,REGULAR,0.6736,3441.49,CARD
1304,4,cust_00001304,NEW,0.7451,842.31,WALLET
1305,0,cust_00001305,PREMIUM,0.9111,7774.53,NETBANKING
1306,1,cust_00001306,CHURN_RISK,0.5358,2681.5,WALLET
1307,2,cust_00001307,REGULAR,0.7087,4330.77,UPI
1308,3,cust_00001308,CHURN_RISK,0.3775,815.47,UPI
1309,4,cust_00001309,REGULAR,0.6964,7842.27,WALLET
1310,0,cust_00001310,PREMIUM,0.908,9006.98,UPI
1311,1,cust_00001311,PREMIUM,0.928,2076.47,WALLET
1312,2,cust_00001312,NEW,0.6864,1507.57,UPI
1313,3,cust_00001313,REGULAR,0.8144,1791.58,NETBANKING
1314,4,cust_00001314,PREMIUM,0.9467,6125.72,UPI
1315,0,cust_00001315,NEW,0.5358,467.74,CARD
1316,1,cust_00001316,NEW,0.688,4160.81,CARD
1317,2,cust_00001317,REGULAR,0.6341,1847.15,WALLET
1318,3,cust_00001318,REGULAR,0.8021,2069.78,UPI
1319,4,cust_00001319,PREMIUM,0.8952,13050.77,CARD
1320,0,cust_00001320,NEW,0.8969,10189.98,WALLET
1321,1,cust_00001321,REGULAR,0.8287,1073.81,CARD
1322,2,cust_00001322,NEW,0.6602,789.48,UPI
1323,3,cust_00001323,REGULAR,0.9275,4974.72,NETBANKING
1324,4,cust_00001324,REGULAR,0.8223,4333.28,NETBANKING
1325,0,cust_00001325,REGULAR,0.8584,3483.82,UPI
1326,1,cust_00001326,REGULAR,0.8054,1602.06,WALLET
1327,2,cust_00001327,NEW,0.5508,1150.15,UPI
1328,3,cust_00001328,REGULAR,0.8543,2517.97,UPI
1329,4,cust_00001329,REGULAR,0.9698,1768.25,UPI
1330,0,cust_00001330,CHURN_RISK,0.5162,1093.64,NETBANKING
1331,1,cust_00001331,CHURN_RISK,0.3995,739.74,NETBANKING
1332,2,cust_00001332,NEW,0.5214,2946.89,NETBANKING
1333,3,cust_00001333,REGULAR,0.9279,914.97,UPI
1334,4,cust_00001334,REGULAR,0.8374,3766.66,UPI
1335,0,cust_00001335,NEW,0.546,4520.06,NETBANKING
1336,1,cust_00001336,REGULAR,0.99,4728.2,CARD
1337,2,cust_00001337,PREMIUM,0.9482,9961.63,UPI
1338,3,cust_00001338,NEW,0.7988,1150.59,NETBANKING
1339,4,cust_00001339,REGULAR,0.7662,814.07,UPI
1340,0,cust_00001340,REGULAR,0.863,2687.49,NETBANKING
1341,1,cust_00001341,CHURN_RISK,0.3295,2357.16,WALLET
1342,2,cust_00001342,REGULAR,0.718,3456.06,CARD
1343,3,cust_00001343,REGULAR,0.9139,1091.56,WALLET
1344,4,cust_00001344,REGULAR,0.8741,4175.36,UPI
1345,0,cust_00001345,REGULAR,0.9334,2619.13,CARD
1346,1,cust_00001346,PREMIUM,0.9292,4738.45,CARD
1347,2,cust_00001347,NEW,0.7411,1233.41,WALLET
1348,3,cust_00001348,NEW,0.743,1050.51,NETBANKING
1349,4,cust_00001349,REGULAR,0.8621,1052.97,CARD
1350,0,cust_00001350,REGULAR,0.7384,2097.9,UPI
1351,1,cust_00001351,NEW,0.6055,3366.09,CARD
1352,2,cust_00001352,PREMIUM,0.8775,6111.83,NETBANKING
1353,3,cust_00001353,REGULAR,0.8649,3209.36,WALLET
1354,4,cust_00001354,REGULAR,0.9525,3323.32,UPI
1355,0,cust_00001355,NEW,0.6796,771.68,WALLET
1356,1,cust_00001356,REGULAR,0.7688,1305.74,NETBANKING
1357,2,cust_00001357,NEW,0.4,1578.47,UPI
1358,3,cust_00001358,REGULAR,0.9284,5772.93,CARD
1359,4,cust_00001359,REGULAR,0.7586,1677.4,CARD
1360,0,cust_00001360,PREMIUM,0.9371,17391.31,UPI
1361,1,cust_00001361,REGULAR,0.7616,3030.94,CARD
1362,2,cust_00001362,REGULAR,0.9028,1163.9,NETBANKING
1363,3,cust_00001363,REGULAR,0.8658,3184.29,CARD
1364,4,cust_00001364,PREMIUM,0.8852,20315.84,CARD
1365,0,cust_00001365,REGULAR,0.9322,4115.73,WALLET
1366,1,cust_00001366,REGULAR,0.7974,970.0,NETBANKING
1367,2,cust_00001367,PREMIUM,0.9064,8870.34,CARD
1368,3,cust_00001368,CHURN_RISK,0.6532,1112.76,NETBANKING
1369,4,cust_00001369,REGULAR,0.7093,678.84,CARD
1370,0,cust_00001370,NEW,0.7721,2337.51,NETBANKING
1371,1,cust_00001371,CHURN_RISK,0.3552,7917.94,NETBANKING
1372,2,cust_00001372,PREMIUM,0.9057,13869.73,CARD
1373,3,cust_00001373,NEW,0.6094,1055.76,NETBANKING
1374,4,cust_00001374,NEW,0.7774,1207.44,CARD
1375,0,cust_00001375,REGULAR,0.8439,1308.24,UPI
1376,1,cust_00001376,REGULAR,0.8598,4224.19,NETBANKING
1377,2,cust_00001377,REGULAR,0.7836,3149.55,CARD
1378,3,cust_00001378,PREMIUM,0.9467,7851.11,NETBANKING
1379,4,cust_00001379,REGULAR,0.8341,4185.89,NETBANKING
1380,0,cust_00001380,CHURN_RISK,0.3508,702.36,CARD
1381,1,cust_00001381,CHURN_RISK,0.2,2299.02,NETBANKING
1382,2,cust_00001382,PREMIUM,0.8943,4523.41,WALLET
1383,3,cust_00001383,NEW,0.6117,914.05,NETBANKING
1384,4,cust_00001384,REGULAR,0.9236,3326.4,WALLET
1385,0,cust_00001385,CHURN_RISK,0.3786,1154.34,UPI
1386,1,cust_00001386,PREMIUM,0.9565,15158.66,WALLET
1387,2,cust_00001387,CHURN_RISK,0.3753,678.91,WALLET
1388,3,cust_00001388,NEW,0.4322,1171.84,CARD
1389,4,cust_00001389,PREMIUM,0.8173,5350.19,WALLET
1390,0,cust_00001390,PREMIUM,0.8834,2682.81,CARD
1391,1,cust_00001391,NEW,0.6331,670.8,UPI
1392,2,cust_00001392,REGULAR,0.8824,853.49,NETBANKING
1393,3,cust_00001393,REGULAR,0.8472,962.03,UPI
1394,4,cust_00001394,CHURN_RISK,0.6517,4138.89,CARD
1395,0,cust_00001395,REGULAR,0.8892,2255.11,WALLET
1396,1,cust_00001396,REGULAR,0.7819,1969.79,CARD
1397,2,cust_00001397,REGULAR,0.9462,2150.46,CARD
1398,3,cust_00001398,PREMIUM,0.9177,6696.59,WALLET
1399,4,cust_00001399,CHURN_RISK,0.588,1171.15,CARD
1400,0,cust_00001400,REGULAR,0.8283,3132.5,NETBANKING
1401,1,cust_00001401,REGULAR,0.644,1508.53,WALLET
1402,2,cust_00001402,REGULAR,0.7924,5114.51,NETBANKING
1403,3,cust_00001403,CHURN_RISK,0.5611,909.87,CARD
1404,4,cust_00001404,PREMIUM,0.9319,9173.37,NETBANKING
1405,0,cust_00001405,NEW,0.7228,1444.38,UPI
1406,1,cust_00001406,NEW,0.6393,817.43,CARD
1407,2,cust_00001407,NEW,0.6702,2762.62,UPI
1408,3,cust_00001408,CHURN_RISK,0.3441,1175.24,UPI
1409,4,cust_00001409,NEW,0.578,946.35,CARD
1410,0,cust_00001410,CHURN_RISK,0.3299,1736.41,NETBANKING
1411,1,cust_00001411,PREMIUM,0.9578,2829.34,WALLET
1412,2,cust_00001412,NEW,0.8083,1246.82,UPI
1413,3,cust_00001413,REGULAR,0.9311,4153.19,WALLET
1414,4,cust_00001414,REGULAR,0.8454,1905.24,NETBANKING
1415,0,cust_00001415,NEW,0.653,887.51,NETBANKING
1416,1,cust_00001416,CHURN_RISK,0.2058,424.89,CARD
1417,2,cust_00001417,NEW,0.8096,1212.91,CARD
1418,3,cust_00001418,REGULAR,0.7679,2931.63,WALLET
1419,4,cust_00001419,REGULAR,0.9394,2688.78,NETBANKING
1420,0,cust_00001420,REGULAR,0.819,3167.9,NETBANKING
1421,1,cust_00001421,REGULAR,0.9372,5596.34,CARD
1422,2,cust_00001422,REGULAR,0.8243,2744.04,CARD
1423,3,cust_00001423,PREMIUM,0.9001,7323.35,WALLET
1424,4,cust_00001424,PREMIUM,0.9948,7787.32,NETBANKING
1425,0,cust_00001425,NEW,0.6458,4886.09,CARD
1426,1,cust_00001426,REGULAR,0.851,3949.33,CARD
1427,2,cust_00001427,CHURN_RISK,0.2528,767.12,WALLET
1428,3,cust_00001428,REGULAR,0.7571,3567.81,UPI
1429,4,cust_00001429,PREMIUM,0.9425,7042.47,CARD
1430,0,cust_00001430,REGULAR,0.9908,1987.87,NETBANKING
1431,1,cust_00001431,REGULAR,0.814,2686.37,UPI
1432,2,cust_00001432,CHURN_RISK,0.4952,2957.96,NETBANKING
1433,3,cust_00001433,REGULAR,0.8388,1938.41,UPI
1434,4,cust_00001434,REGULAR,0.7005,1081.79,CARD
1435,0,cust_00001435,CHURN_RISK,0.2533,1397.11,UPI
1436,1,cust_00001436,CHURN_RISK,0.5238,3555.31,WALLET
1437,2,cust_00001437,REGULAR,0.6185,3647.7,NETBANKING
1438,3,cust_00001438,PREMIUM,0.8672,13934.1,UPI
1439,4,cust_00001439,REGULAR,0.7916,2204.82,NETBANKING
1440,0,cust_00001440,PREMIUM,0.8808,6084.59,WALLET
1441,1,cust_00001441,REGULAR,0.7879,4057.4,CARD
1442,2,cust_00001442,REGULAR,0.8831,1359.33,NETBANKING
1443,3,cust_00001443,CHURN_RISK,0.3185,603.55,WALLET
1444,4,cust_00001444,REGULAR,0.8108,2309.97,UPI
1445,0,cust_00001445,REGULAR,0.9619,1461.85,WALLET
1446,1,cust_00001446,REGULAR,0.7444,6346.31,WALLET
1447,2,cust_00001447,NEW,0.7599,873.71,WALLET
1448,3,cust_00001448,REGULAR,0.9107,1080.72,CARD
1449,4,cust_00001449,NEW,0.4,976.66,WALLET
1450,0,cust_00001450,CHURN_RISK,0.2,3122.61,CARD
1451,1,cust_00001451,REGULAR,0.8677,1800.21,WALLET
1452,2,cust_00001452,PREMIUM,0.88,4757.81,WALLET
1453,3,cust_00001453,REGULAR,0.8397,5355.13,NETBANKING
1454,4,cust_00001454,REGULAR,0.8919,3780.67,UPI
1455,0,cust_00001455,CHURN_RISK,0.5674,5308.49,NETBANKING
1456,1,cust_00001456,REGULAR,0.6709,1324.86,CARD
1457,2,cust_00001457,NEW,0.5348,2783.54,UPI
1458,3,cust_00001458,REGULAR,0.9591,1504.54,WALLET
1459,4,cust_00001459,REGULAR,0.8294,6830.51,NETBANKING
1460,0,cust_00001460,REGULAR,0.7215,3863.95,CARD
1461,1,cust_00001461,NEW,0.5769,1321.96,UPI
1462,2,cust_00001462,NEW,0.7236,2559.3,WALLET
1463,3,cust_00001463,REGULAR,0.6952,1801.03,UPI
1464,4,cust_00001464,REGULAR,0.8061,2905.19,WALLET
1465,0,cust_00001465,NEW,0.6345,3005.12,CARD
1466,1,cust_00001466,REGULAR,0.844,2881.11,CARD
1467,2,cust_00001467,CHURN_RISK,0.5175,5100.43,NETBANKING
1468,3,cust_00001468,REGULAR,0.8861,2507.41,CARD
1469,4,cust_00001469,PREMIUM,0.8546,6888.29,WALLET
1470,0,cust_00001470,REGULAR,0.8514,1661.72,NETBANKING
1471,1,cust_00001471,REGULAR,0.727,4701.54,NETBANKING
1472,2,cust_00001472,REGULAR,0.8049,1496.11,WALLET
1473,3,cust_00001473,REGULAR,0.718,1201.03,NETBANKING
1474,4,cust_00001474,CHURN_RISK,0.3755,2380.27,CARD
1475,0,cust_00001475,REGULAR,0.9377,1338.75,CARD
1476,1,cust_00001476,REGULAR,0.9552,5753.91,NETBANKING
1477,2,cust_00001477,REGULAR,0.8117,2826.44,CARD
1478,3,cust_00001478,PREMIUM,0.9318,13562.89,WALLET
1479,4,cust_00001479,REGULAR,0.931,3385.19,CARD
1480,0,cust_00001480,REGULAR,0.911,1750.98,NETBANKING
1481,1,cust_00001481,REGULAR,0.87,1588.01,NETBANKING
1482,2,cust_00001482,PREMIUM,0.8835,4516.39,UPI
1483,3,cust_00001483,CHURN_RISK,0.5537,1968.4,NETBANKING
1484,4,cust_00001484,REGULAR,0.738,2611.93,NETBANKING
1485,0,cust_00001485,NEW,0.7766,3365.88,UPI
1486,1,cust_00001486,REGULAR,0.8062,844.64,NETBANKING
1487,2,cust_00001487,PREMIUM,0.8967,5446.88,WALLET
1488,3,cust_00001488,NEW,0.5946,606.38,WALLET
1489,4,cust_00001489,REGULAR,0.8322,4375.94,UPI
1490,0,cust_00001490,NEW,0.7355,3421.43,CARD
1491,1,cust_00001491,REGULAR,0.7292,1402.47,NETBANKING
1492,2,cust_00001492,REGULAR,0.8373,4275.21,CARD
1493,3,cust_00001493,NEW,0.4228,581.61,UPI
1494,4,cust_00001494,REGULAR,0.778,2123.36,WALLET
1495,0,cust_00001495,REGULAR,0.9409,7067.48,NETBANKING
1496,1,cust_00001496,NEW,0.649,1500.89,WALLET
1497,2,cust_00001497,NEW,0.6632,1400.87,CARD
1498,3,cust_00001498,CHURN_RISK,0.2,2976.69,CARD
1499,4,cust_00001499,REGULAR,0.7034,2925.81,WALLET
1500,0,cust_00001500,REGULAR,0.9588,2474.41,WALLET
1501,1,cust_00001501,NEW,0.4024,828.75,NETBANKING
1502,2,cust_00001502,REGULAR,0.7744,2592.74,UPI
1503,3,cust_00001503,NEW,0.7172,5379.69,WALLET
1504,4,cust_00001504,REGULAR,0.7832,1849.66,CARD
1505,0,cust_00001505,REGULAR,0.6029,3755.41,CARD
1506,1,cust_00001506,NEW,0.6136,2264.75,UPI
1507,2,cust_00001507,PREMIUM,0.9761,13322.56,CARD
1508,3,cust_00001508,REGULAR,0.8531,2344.83,UPI
1509,4,cust_00001509,REGULAR,0.7239,3469.89,CARD
1510,0,cust_00001510,NEW,0.81,2331.01,WALLET
1511,1,cust_00001511,NEW,0.8429,987.72,CARD
1512,2,cust_00001512,REGULAR,0.9026,375.52,UPI
1513,3,cust_00001513,PREMIUM,0.785,8733.76,CARD
1514,4,cust_00001514,CHURN_RISK,0.2466,2104.05,WALLET
1515,0,cust_00001515,REGULAR,0.8378,1089.31,CARD
1516,1,cust_00001516,REGULAR,0.957,1153.67,UPI
1517,2,cust_00001517,REGULAR,0.8228,1376.15,NETBANKING
1518,3,cust_00001518,REGULAR,0.8054,3403.03,NETBANKING
1519,4,cust_00001519,NEW,0.5277,1709.75,WALLET
1520,0,cust_00001520,NEW,0.7299,2572.02,WALLET
1521,1,cust_00001521,NEW,0.5764,575.21,UPI
1522,2,cust_00001522,REGULAR,0.7858,1919.52,NETBANKING
1523,3,cust_00001523,REGULAR,0.8718,871.41,NETBANKING
1524,4,cust_00001524,REGULAR,0.9143,1398.26,CARD
1525,0,cust_00001525,PREMIUM,0.9007,6254.63,UPI
1526,1,cust_00001526,REGULAR,0.8171,1548.93,CARD
1527,2,cust_00001527,REGULAR,0.8679,8912.18,CARD
1528,3,cust_00001528,PREMIUM,0.96,6639.12,UPI
1529,4,cust_00001529,REGULAR,0.8252,3335.08,NETBANKING
1530,0,cust_00001530,NEW,0.6151,958.55,UPI
1531,1,cust_00001531,PREMIUM,0.9284,7210.79,WALLET
1532,2,cust_00001532,REGULAR,0.8043,1853.57,CARD
1533,3,cust_00001533,NEW,0.7531,607.89,WALLET
1534,4,cust_00001534,NEW,0.5602,7172.3,WALLET
1535,0,cust_00001535,NEW,0.8147,1455.31,UPI
1536,1,cust_00001536,REGULAR,0.7923,2652.93,CARD
1537,2,cust_00001537,NEW,0.4,2217.89,UPI
1538,3,cust_00001538,REGULAR,0.8814,2144.44,CARD
1539,4,cust_00001539,REGULAR,0.8744,6302.04,NETBANKING
1540,0,cust_00001540,REGULAR,0.5701,1406.78,WALLET
1541,1,cust_00001541,REGULAR,0.8514,1625.27,UPI
1542,2,cust_00001542,REGULAR,0.782,2453.63,UPI
1543,3,cust_00001543,REGULAR,0.8747,1533.83,CARD
1544,4,cust_00001544,NEW,0.7393,752.1,CARD
1545,0,cust_00001545,REGULAR,0.868,1950.48,NETBANKING
1546,1,cust_00001546,REGULAR,0.7903,2261.78,UPI
1547,2,cust_00001547,PREMIUM,0.8873,9296.21,WALLET
1548,3,cust_00001548,REGULAR,0.6918,1905.1,UPI
1549,4,cust_00001549,REGULAR,0.6773,3791.83,WALLET
1550,0,cust_00001550,REGULAR,0.9118,1798.1,NETBANKING
1551,1,cust_00001551,REGULAR,0.9583,2122.09,WALLET
1552,2,cust_00001552,NEW,0.5389,345.1,UPI
1553,3,cust_00001553,CHURN_RISK,0.4265,3567.92,CARD
1554,4,cust_00001554,REGULAR,0.8676,2544.25,UPI
1555,0,cust_00001555,REGULAR,0.8271,6321.11,CARD
1556,1,cust_00001556,NEW,0.734,825.06,UPI
1557,2,cust_00001557,CHURN_RISK,0.2,3371.15,WALLET
1558,3,cust_00001558,REGULAR,0.8137,2250.34,CARD
1559,4,cust_00001559,NEW,0.7767,4974.31,NETBANKING
1560,0,cust_00001560,CHURN_RISK,0.3658,722.32,CARD
1561,1,cust_00001561,NEW,0.6541,5570.35,UPI
1562,2,cust_00001562,REGULAR,0.8891,3651.52,CARD
1563,3,cust_00001563,PREMIUM,0.9478,5317.6,CARD
1564,4,cust_00001564,PREMIUM,0.9648,17628.72,CARD
1565,0,cust_00001565,REGULAR,0.823,4929.96,CARD
1566,1,cust_00001566,REGULAR,0.6199,1855.68,NETBANKING
1567,2,cust_00001567,REGULAR,0.7516,1404.04,WALLET
1568,3,cust_00001568,REGULAR,0.8993,2466.14,UPI
1569,4,cust_00001569,REGULAR,0.7478,2943.35,WALLET
1570,0,cust_00001570,NEW,0.7111,1559.51,WALLET
1571,1,cust_00001571,PREMIUM,0.983,8804.43,WALLET
1572,2,cust_00001572,REGULAR,0.8525,1019.76,UPI
1573,3,cust_00001573,NEW,0.7154,1656.54,UPI
1574,4,cust_00001574,NEW,0.807,2826.43,CARD
1575,0,cust_00001575,CHURN_RISK,0.4684,2173.18,UPI
1576,1,cust_00001576,NEW,0.791,1855.26,UPI
1577,2,cust_00001577,NEW,0.8479,3648.71,UPI
1578,3,cust_00001578,REGULAR,0.8247,1951.03,UPI
1579,4,cust_00001579,REGULAR,0.859,2790.41,CARD
1580,0,cust_00001580,REGULAR,0.8112,1679.34,UPI
1581,1,cust_00001581,REGULAR,0.7342,2269.45,NETBANKING
1582,2,cust_00001582,CHURN_RISK,0.5433,1080.8,WALLET
1583,3,cust_00001583,REGULAR,0.7245,1803.71,CARD
1584,4,cust_00001584,REGULAR,0.8013,2519.77,NETBANKING
1585,0,cust_00001585,REGULAR,0.8508,1544.95,CARD
1586,1,cust_00001586,REGULAR,0.8731,6627.39,CARD
1587,2,cust_00001587,REGULAR,0.5,1957.39,WALLET
1588,3,cust_00001588,PREMIUM,0.9528,4066.73,UPI
1589,4,cust_00001589,CHURN_RISK,0.455,3444.29,UPI
1590,0,cust_00001590,REGULAR,0.8249,1185.72,NETBANKING
1591,1,cust_00001591,NEW,0.5321,12572.4,WALLET
1592,2,cust_00001592,NEW,0.7793,1603.74,UPI
1593,3,cust_00001593,REGULAR,0.7086,2969.39,NETBANKING
1594,4,cust_00001594,REGULAR,0.7259,5725.83,NETBANKING
1595,0,cust_00001595,NEW,0.76,1087.91,CARD
1596,1,cust_00001596,REGULAR,0.86,3162.24,WALLET
1597,2,cust_00001597,CHURN_RISK,0.2,1387.75,UPI
1598,3,cust_00001598,PREMIUM,0.9419,6561.53,WALLET
1599,4,cust_00001599,NEW,0.7775,1660.08,NETBANKING
1600,0,cust_00001600,NEW,0.6295,2092.17,CARD
1601,1,cust_00001601,REGULAR,0.9414,6998.17,CARD
1602,2,cust_00001602,REGULAR,0.8018,1127.34,UPI
1603,3,cust_00001603,CHURN_RISK,0.2,1598.68,WALLET
1604,4,cust_00001604,REGULAR,0.7176,2035.49,UPI
1605,0,cust_00001605,REGULAR,0.8488,817.93,WALLET
1606,1,cust_00001606,REGULAR,0.7939,3346.14,WALLET
1607,2,cust_00001607,REGULAR,0.7204,2535.03,NETBANKING
1608,3,cust_00001608,NEW,0.5813,1687.95,CARD
1609,4,cust_00001609,NEW,0.7404,3154.44,WALLET
1610,0,cust_00001610,REGULAR,0.7142,3186.6,UPI
1611,1,cust_00001611,NEW,0.8821,2322.01,NETBANKING
1612,2,cust_00001612,REGULAR,0.8903,5803.52,WALLET
1613,3,cust_00001613,PREMIUM,0.9297,7130.09,CARD
1614,4,cust_00001614,REGULAR,0.8245,4514.3,NETBANKING
1615,0,cust_00001615,CHURN_RISK,0.6486,703.81,CARD
1616,1,cust_00001616,PREMIUM,0.8961,5451.72,WALLET
1617,2,cust_00001617,REGULAR,0.6434,3096.7,UPI
1618,3,cust_00001618,REGULAR,0.7897,1258.99,WALLET
1619,4,cust_00001619,NEW,0.6923,1515.35,WALLET
1620,0,cust_00001620,PREMIUM,0.9819,26570.56,CARD
1621,1,cust_00001621,REGULAR,0.6827,2755.36,WALLET
1622,2,cust_00001622,NEW,0.6389,2223.84,NETBANKING
1623,3,cust_00001623,REGULAR,0.7192,910.7,NETBANKING
1624,4,cust_00001624,REGULAR,0.8378,2398.42,UPI
1625,0,cust_00001625,REGULAR,0.6955,1419.2,CARD
1626,1,cust_00001626,REGULAR,0.8594,1379.4,UPI
1627,2,cust_00001627,REGULAR,0.8022,1796.83,CARD
1628,3,cust_00001628,NEW,0.4164,1433.49,UPI
1629,4,cust_00001629,REGULAR,0.8593,1806.87,CARD
1630,0,cust_00001630,NEW,0.7805,1040.94,NETBANKING
1631,1,cust_00001631,CHURN_RISK,0.2,4441.05,CARD
1632,2,cust_00001632,REGULAR,0.7951,1386.47,CARD
1633,3,cust_00001633,REGULAR,0.7782,2656.76,CARD
1634,4,cust_00001634,CHURN_RISK,0.2964,2386.52,WALLET
1635,0,cust_00001635,REGULAR,0.7719,4661.32,CARD
1636,1,cust_00001636,NEW,0.6383,419.63,CARD
1637,2,cust_00001637,NEW,0.5705,1713.82,WALLET
1638,3,cust_00001638,PREMIUM,0.8285,5330.68,CARD
1639,4,cust_00001639,REGULAR,0.7667,6109.57,UPI
1640,0,cust_00001640,REGULAR,0.8954,1793.04,UPI
1641,1,cust_00001641,REGULAR,0.8137,4865.0,WALLET
1642,2,cust_00001642,REGULAR,0.8699,3930.16,NETBANKING
1643,3,cust_00001643,REGULAR,0.9074,1148.75,NETBANKING
1644,4,cust_00001644,NEW,0.9057,5736.53,WALLET
1645,0,cust_00001645,CHURN_RISK,0.384,1562.83,WALLET
1646,1,cust_00001646,NEW,0.8497,3013.08,UPI
1647,2,cust_00001647,REGULAR,0.9447,2959.26,UPI
1648,3,cust_00001648,REGULAR,0.8643,1848.98,WALLET
1649,4,cust_00001649,REGULAR,0.8848,2116.69,UPI
1650,0,cust_00001650,PREMIUM,0.7138,4717.99,UPI
1651,1,cust_00001651,CHURN_RISK,0.3942,930.14,CARD
1652,2,cust_00001652,REGULAR,0.7812,2706.73,CARD
1653,3,cust_00001653,REGULAR,0.6802,2275.25,NETBANKING
1654,4,cust_00001654,NEW,0.6195,754.28,UPI
1655,0,cust_00001655,REGULAR,0.6518,1707.37,WALLET
1656,1,cust_00001656,PREMIUM,0.9514,7711.39,UPI
1657,2,cust_00001657,REGULAR,0.7612,5277.11,WALLET
1658,3,cust_00001658,REGULAR,0.868,4673.69,NETBANKING
1659,4,cust_00001659,NEW,0.8063,1747.69,WALLET
1660,0,cust_00001660,REGULAR,0.9203,2587.46,NETBANKING
1661,1,cust_00001661,CHURN_RISK,0.2,3313.27,UPI
1662,2,cust_00001662,NEW,0.7272,2242.2,WALLET
1663,3,cust_00001663,NEW,0.4448,1075.7,UPI
1664,4,cust_00001664,REGULAR,0.6565,1910.88,NETBANKING
1665,0,cust_00001665,PREMIUM,0.8344,7184.13,NETBANKING
1666,1,cust_00001666,NEW,0.6254,1553.38,WALLET
1667,2,cust_00001667,REGULAR,0.8064,11297.2,WALLET
1668,3,cust_00001668,REGULAR,0.8579,2434.28,WALLET
1669,4,cust_00001669,NEW,0.8027,2333.4,CARD
1670,0,cust_00001670,PREMIUM,0.8206,14725.65,NETBANKING
1671,1,cust_00001671,NEW,0.8277,619.65,WALLET
1672,2,cust_00001672,CHURN_RISK,0.2381,1791.41,UPI
1673,3,cust_00001673,NEW,0.6556,941.1,WALLET
1674,4,cust_00001674,REGULAR,0.9283,7432.64,WALLET
1675,0,cust_00001675,NEW,0.5759,1647.19,CARD
1676,1,cust_00001676,REGULAR,0.8253,2309.95,NETBANKING
1677,2,cust_00001677,NEW,0.4275,1085.17,WALLET
1678,3,cust_00001678,NEW,0.6593,488.4,CARD
1679,4,cust_00001679,NEW,0.5964,369.34,NETBANKING
1680,0,cust_00001680,REGULAR,0.627,434.9,WALLET
1681,1,cust_00001681,PREMIUM,0.9002,3984.4,WALLET
1682,2,cust_00001682,REGULAR,0.7941,1548.49,CARD
1683,3,cust_00001683,REGULAR,0.807,2337.14,WALLET
1684,4,cust_00001684,REGULAR,0.8248,8426.33,WALLET
1685,0,cust_00001685,REGULAR,0.7297,4648.88,NETBANKING
1686,1,cust_00001686,REGULAR,0.6137,2248.48,NETBANKING
1687,2,cust_00001687,NEW,0.6556,2580.18,CARD
1688,3,cust_00001688,CHURN_RISK,0.3811,1275.39,UPI
1689,4,cust_00001689,REGULAR,0.5822,5819.92,NETBANKING
1690,0,cust_00001690,NEW,0.8216,2139.16,WALLET
1691,1,cust_00001691,NEW,0.7045,4165.27,UPI
1692,2,cust_00001692,REGULAR,0.9447,1639.89,UPI
1693,3,cust_00001693,REGULAR,0.8442,9853.16,UPI
1694,4,cust_00001694,NEW,0.7815,350.13,UPI
1695,0,cust_00001695,CHURN_RISK,0.4705,1000.66,CARD
1696,1,cust_00001696,NEW,0.4196,3863.21,CARD
1697,2,cust_00001697,CHURN_RISK,0.3768,3963.51,CARD
1698,3,cust_00001698,CHURN_RISK,0.3284,4638.52,WALLET
1699,4,cust_00001699,REGULAR,0.8164,2908.15,UPI
1700,0,cust_00001700,REGULAR,0.8496,2651.98,CARD
1701,1,cust_00001701,REGULAR,0.7357,3180.03,NETBANKING
1702,2,cust_00001702,CHURN_RISK,0.2866,1303.31,NETBANKING
1703,3,cust_00001703,PREMIUM,0.9729,11120.76,NETBANKING
1704,4,cust_00001704,REGULAR,0.7035,1728.26,NETBANKING
1705,0,cust_00001705,NEW,0.5377,1391.82,UPI
1706,1,cust_00001706,REGULAR,0.8131,1850.19,UPI
1707,2,cust_00001707,NEW,0.5432,730.96,NETBANKING
1708,3,cust_00001708,REGULAR,0.7759,3889.44,UPI
1709,4,cust_00001709,CHURN_RISK,0.574,1786.86,UPI
1710,0,cust_00001710,NEW,0.5903,1551.94,CARD
1711,1,cust_00001711,REGULAR,0.7292,1934.14,CARD
1712,2,cust_00001712,NEW,0.8392,3904.12,CARD
1713,3,cust_00001713,REGULAR,0.8055,1038.61,UPI
1714,4,cust_00001714,REGULAR,0.6705,2983.24,NETBANKING
1715,0,cust_00001715,NEW,0.9222,1248.34,WALLET
1716,1,cust_00001716,NEW,0.6455,1096.54,CARD
1717,2,cust_00001717,PREMIUM,0.9614,13009.39,UPI
1718,3,cust_00001718,REGULAR,0.7252,5012.12,NETBANKING
1719,4,cust_00001719,NEW,0.5895,1347.47,UPI
1720,0,cust_00001720,REGULAR,0.8001,3087.46,WALLET
1721,1,cust_00001721,REGULAR,0.7636,4534.34,UPI
1722,2,cust_00001722,PREMIUM,0.8989,18467.65,NETBANKING
1723,3,cust_00001723,REGULAR,0.7675,1040.21,UPI
1724,4,cust_00001724,NEW,0.8535,6050.76,UPI
1725,0,cust_00001725,PREMIUM,0.9291,8402.33,WALLET
1726,1,cust_00001726,REGULAR,0.6813,1467.42,WALLET
1727,2,cust_00001727,CHURN_RISK,0.3534,1116.09,NETBANKING
1728,3,cust_00001728,PREMIUM,0.905,10800.6,WALLET
1729,4,cust_00001729,NEW,0.6773,439.39,NETBANKING
1730,0,cust_00001730,REGULAR,0.658,1907.14,CARD
1731,1,cust_00001731,NEW,0.6684,713.25,CARD
1732,2,cust_00001732,NEW,0.4441,1104.82,NETBANKING
1733,3,cust_00001733,NEW,0.7668,828.51,UPI
1734,4,cust_00001734,REGULAR,0.9334,4121.62,UPI
1735,0,cust_00001735,REGULAR,0.7512,7552.16,CARD
1736,1,cust_00001736,NEW,0.5116,850.82,UPI
1737,2,cust_00001737,REGULAR,0.7914,2178.43,NETBANKING
1738,3,cust_00001738,REGULAR,0.7863,2679.79,UPI
1739,4,cust_00001739,PREMIUM,0.8114,5455.2,CARD
1740,0,cust_00001740,CHURN_RISK,0.4695,2078.13,NETBANKING
1741,1,cust_00001741,NEW,0.5826,756.15,NETBANKING
1742,2,cust_00001742,REGULAR,0.9545,6075.83,WALLET
1743,3,cust_00001743,NEW,0.6126,1658.84,NETBANKING
1744,4,cust_00001744,REGULAR,0.7726,3919.77,WALLET
1745,0,cust_00001745,REGULAR,0.7655,4033.89,WALLET
1746,1,cust_00001746,REGULAR,0.7309,1061.4,WALLET
1747,2,cust_00001747,REGULAR,0.9298,1670.58,NETBANKING
1748,3,cust_00001748,REGULAR,0.8343,3033.2,UPI
1749,4,cust_00001749,NEW,0.5278,1290.1,NETBANKING
1750,0,cust_00001750,NEW,0.6121,1846.95,CARD
1751,1,cust_00001751,REGULAR,0.5872,1778.18,WALLET
1752,2,cust_00001752,REGULAR,0.786,6333.32,CARD
1753,3,cust_00001753,PREMIUM,0.9906,6113.46,UPI
1754,4,cust_00001754,CHURN_RISK,0.5517,1622.79,NETBANKING
1755,0,cust_00001755,CHURN_RISK,0.4379,1928.6,NETBANKING
1756,1,cust_00001756,CHURN_RISK,0.5515,1878.08,NETBANKING
1757,2,cust_00001757,REGULAR,0.8842,3399.26,WALLET
1758,3,cust_00001758,REGULAR,0.9199,965.77,UPI
1759,4,cust_00001759,REGULAR,0.5547,669.83,UPI
1760,0,cust_00001760,PREMIUM,0.9189,18251.7,UPI
1761,1,cust_00001761,PREMIUM,0.9385,6422.03,CARD
1762,2,cust_00001762,PREMIUM,0.9785,8998.25,UPI
1763,3,cust_00001763,CHURN_RISK,0.4515,4164.4,CARD
1764,4,cust_00001764,PREMIUM,0.9593,7950.6,NETBANKING
1765,0,cust_00001765,PREMIUM,0.894,4476.32,UPI
1766,1,cust_00001766,NEW,0.7338,587.6,CARD
1767,2,cust_00001767,REGULAR,0.8079,872.98,NETBANKING
1768,3,cust_00001768,NEW,0.6866,1777.87,NETBANKING
1769,4,cust_00001769,REGULAR,0.8287,2657.71,WALLET
1770,0,cust_00001770,NEW,0.7332,940.11,UPI
1771,1,cust_00001771,REGULAR,0.797,2149.2,CARD
1772,2,cust_00001772,REGULAR,0.9108,1054.63,WALLET
1773,3,cust_00001773,NEW,0.9309,1007.94,WALLET
1774,4,cust_00001774,REGULAR,0.827,5235.62,CARD
1775,0,cust_00001775,REGULAR,0.8992,1119.84,CARD
1776,1,cust_00001776,REGULAR,0.8875,2453.54,CARD
1777,2,cust_00001777,REGULAR,0.8321,900.03,WALLET
1778,3,cust_00001778,NEW,0.5596,571.48,UPI
1779,4,cust_00001779,REGULAR,0.966,3484.48,WALLET
1780,0,cust_00001780,REGULAR,0.8466,3277.59,UPI
1781,1,cust_00001781,REGULAR,0.6962,3955.28,NETBANKING
1782,2,cust_00001782,NEW,0.7094,466.35,NETBANKING
1783,3,cust_00001783,REGULAR,0.6312,2062.08,UPI
1784,4,cust_00001784,NEW,0.7538,373.12,WALLET
1785,0,cust_00001785,NEW,0.6083,957.46,NETBANKING
1786,1,cust_00001786,PREMIUM,0.9683,13818.2,NETBANKING
1787,2,cust_00001787,NEW,0.7003,1214.9,UPI
1788,3,cust_00001788,REGULAR,0.8103,4699.62,CARD
1789,4,cust_00001789,REGULAR,0.8189,2663.25,NETBANKING
1790,0,cust_00001790,NEW,0.5711,735.73,NETBANKING
1791,1,cust_00001791,CHURN_RISK,0.4077,1242.39,CARD
1792,2,cust_00001792,REGULAR,0.7681,1444.97,NETBANKING
1793,3,cust_00001793,REGULAR,0.777,1953.89,CARD
1794,4,cust_00001794,REGULAR,0.83,2984.19,NETBANKING
1795,0,cust_00001795,REGULAR,0.6954,2128.43,CARD
1796,1,cust_00001796,REGULAR,0.8142,1714.99,CARD
1797,2,cust_00001797,REGULAR,0.557,2984.79,WALLET
1798,3,cust_00001798,REGULAR,0.8483,593.73,NETBANKING
1799,4,cust_00001799,PREMIUM,0.9499,14754.98,CARD
1800,0,cust_00001800,NEW,0.765,1397.55,WALLET
1801,1,cust_00001801,NEW,0.4745,4120.74,WALLET
1802,2,cust_00001802,NEW,0.7684,1476.8,NETBANKING
1803,3,cust_00001803,PREMIUM,0.871,5370.0,WALLET
1804,4,cust_00001804,REGULAR,0.8926,1963.13,WALLET
1805,0,cust_00001805,REGULAR,0.8167,1488.37,UPI
1806,1,cust_00001806,PREMIUM,0.9043,9447.68,NETBANKING
1807,2,cust_00001807,REGULAR,0.7494,2830.99,WALLET
1808,3,cust_00001808,REGULAR,0.8636,3934.07,CARD
1809,4,cust_00001809,NEW,0.434,1864.79,NETBANKING
1810,0,cust_00001810,REGULAR,0.7706,2934.32,NETBANKING
1811,1,cust_00001811,NEW,0.6191,1900.05,WALLET
1812,2,cust_00001812,REGULAR,0.973,2670.35,CARD
1813,3,cust_00001813,NEW,0.7511,2255.71,UPI
1814,4,cust_00001814,REGULAR,0.8325,4205.01,WALLET
1815,0,cust_00001815,REGULAR,0.7794,2158.66,NETBANKING
1816,1,cust_00001816,REGULAR,0.8584,4967.76,WALLET
1817,2,cust_00001817,CHURN_RISK,0.5194,2776.03,WALLET
1818,3,cust_00001818,REGULAR,0.8811,1880.74,UPI
1819,4,cust_00001819,REGULAR,0.664,922.14,UPI
1820,0,cust_00001820,REGULAR,0.7415,2759.3,CARD
1821,1,cust_00001821,NEW,0.4786,651.37,CARD
1822,2,cust_00001822,PREMIUM,0.9228,7948.18,CARD
1823,3,cust_00001823,REGULAR,0.7809,1637.7,WALLET
1824,4,cust_00001824,REGULAR,0.7906,2128.63,CARD
1825,0,cust_00001825,CHURN_RISK,0.22,2558.39,CARD
1826,1,cust_00001826,REGULAR,0.8716,1047.9,CARD
1827,2,cust_00001827,REGULAR,0.7724,1131.22,NETBANKING
1828,3,cust_00001828,CHURN_RISK,0.5583,1111.11,NETBANKING
1829,4,cust_00001829,REGULAR,0.8866,1236.59,CARD
1830,0,cust_00001830,REGULAR,0.8448,2914.74,WALLET
1831,1,cust_00001831,REGULAR,0.903,1090.03,NETBANKING
1832,2,cust_00001832,PREMIUM,0.8581,11936.79,NETBANKING
1833,3,cust_00001833,PREMIUM,0.9345,7534.38,UPI
1834,4,cust_00001834,REGULAR,0.8882,2944.71,NETBANKING
1835,0,cust_00001835,NEW,0.4546,632.91,NETBANKING
1836,1,cust_00001836,NEW,0.7641,886.55,NETBANKING
1837,2,cust_00001837,PREMIUM,0.9424,8004.68,WALLET
1838,3,cust_00001838,REGULAR,0.7278,2354.95,UPI
1839,4,cust_00001839,REGULAR,0.9135,2664.04,UPI
1840,0,cust_00001840,CHURN_RISK,0.6234,2942.63,UPI
1841,1,cust_00001841,REGULAR,0.8211,936.03,WALLET
1842,2,cust_00001842,REGULAR,0.7863,1773.04,WALLET
1843,3,cust_00001843,REGULAR,0.7571,5680.36,WALLET
1844,4,cust_00001844,REGULAR,0.7931,1755.44,UPI
1845,0,cust_00001845,REGULAR,0.8247,4101.95,NETBANKING
1846,1,cust_00001846,NEW,0.4,609.79,NETBANKING
1847,2,cust_00001847,REGULAR,0.8659,3353.79,NETBANKING
1848,3,cust_00001848,CHURN_RISK,0.532,1670.86,NETBANKING
1849,4,cust_00001849,REGULAR,0.8744,4075.43,UPI
1850,0,cust_00001850,NEW,0.7151,1411.83,NETBANKING
1851,1,cust_00001851,NEW,0.6693,1603.27,UPI
1852,2,cust_00001852,CHURN_RISK,0.2369,2516.2,UPI
1853,3,cust_00001853,REGULAR,0.7485,5587.18,CARD
1854,4,cust_00001854,REGULAR,0.7344,5454.7,CARD
1855,0,cust_00001855,REGULAR,0.6488,2212.78,UPI
1856,1,cust_00001856,REGULAR,0.8263,6840.95,UPI
1857,2,cust_00001857,REGULAR,0.6384,2716.19,CARD
1858,3,cust_00001858,CHURN_RISK,0.2128,1181.88,WALLET
1859,4,cust_00001859,CHURN_RISK,0.3249,1726.94,NETBANKING
1860,0,cust_00001860,REGULAR,0.8161,1526.98,WALLET
1861,1,cust_00001861,REGULAR,0.7488,3399.74,WALLET
1862,2,cust_00001862,NEW,0.6757,719.74,UPI
1863,3,cust_00001863,CHURN_RISK,0.6669,1581.34,WALLET
1864,4,cust_00001864,REGULAR,0.8904,2140.38,CARD
1865,0,cust_00001865,REGULAR,0.7453,1602.65,WALLET
1866,1,cust_00001866,NEW,0.7055,1999.19,CARD
1867,2,cust_00001867,REGULAR,0.8887,2099.06,WALLET
1868,3,cust_00001868,REGULAR,0.6685,5480.9,NETBANKING
1869,4,cust_00001869,CHURN_RISK,0.7328,1557.05,UPI
1870,0,cust_00001870,CHURN_RISK,0.6216,1278.44,WALLET
1871,1,cust_00001871,CHURN_RISK,0.6412,4066.87,UPI
1872,2,cust_00001872,NEW,0.568,2242.11,WALLET
1873,3,cust_00001873,REGULAR,0.8772,2295.02,UPI
1874,4,cust_00001874,REGULAR,0.7305,2002.11,CARD
1875,0,cust_00001875,REGULAR,0.5736,2316.58,NETBANKING
1876,1,cust_00001876,REGULAR,0.5416,11549.66,CARD
1877,2,cust_00001877,REGULAR,0.8506,9771.64,UPI
1878,3,cust_00001878,REGULAR,0.6423,1823.86,WALLET
1879,4,cust_00001879,REGULAR,0.5,2538.37,CARD
1880,0,cust_00001880,NEW,0.7993,1097.49,CARD
1881,1,cust_00001881,REGULAR,0.8963,1574.63,CARD
1882,2,cust_00001882,REGULAR,0.6612,1417.1,WALLET
1883,3,cust_00001883,PREMIUM,0.9232,6797.49,CARD
1884,4,cust_00001884,REGULAR,0.8071,1396.23,UPI
1885,0,cust_00001885,NEW,0.7635,1384.28,UPI
1886,1,cust_00001886,REGULAR,0.7785,2977.56,WALLET
1887,2,cust_00001887,REGULAR,0.8086,4904.02,NETBANKING
1888,3,cust_00001888,NEW,0.7061,2149.93,WALLET
1889,4,cust_00001889,REGULAR,0.8506,1960.56,NETBANKING
1890,0,cust_00001890,PREMIUM,0.8994,6177.93,CARD
1891,1,cust_00001891,REGULAR,0.7436,3168.47,WALLET
1892,2,cust_00001892,REGULAR,0.9231,5924.81,UPI
1893,3,cust_00001893,NEW,0.7652,534.61,WALLET
1894,4,cust_00001894,REGULAR,0.9244,3825.61,UPI
1895,0,cust_00001895,PREMIUM,0.885,9201.05,WALLET
1896,1,cust_00001896,PREMIUM,0.98,12187.06,WALLET
1897,2,cust_00001897,REGULAR,0.6448,2074.86,UPI
1898,3,cust_00001898,PREMIUM,0.8927,11448.95,UPI
1899,4,cust_00001899,NEW,0.684,900.46,NETBANKING
1900,0,cust_00001900,REGULAR,0.732,4428.21,UPI
1901,1,cust_00001901,REGULAR,0.7288,4910.46,CARD
1902,2,cust_00001902,REGULAR,0.8129,5138.1,CARD
1903,3,cust_00001903,REGULAR,0.891,1546.79,NETBANKING
1904,4,cust_00001904,PREMIUM,0.669,20988.5,CARD
1905,0,cust_00001905,NEW,0.8567,5036.81,CARD
1906,1,cust_00001906,NEW,0.7993,3277.08,UPI
1907,2,cust_00001907,PREMIUM,0.9552,4967.7,NETBANKING
1908,3,cust_00001908,REGULAR,0.8835,5710.35,WALLET
1909,4,cust_00001909,CHURN_RISK,0.6324,1809.94,NETBANKING
1910,0,cust_00001910,REGULAR,0.8464,2183.59,NETBANKING
1911,1,cust_00001911,REGULAR,0.7206,6276.5,NETBANKING
1912,2,cust_00001912,REGULAR,0.8926,1313.75,CARD
1913,3,cust_00001913,NEW,0.7248,255.3,WALLET
1914,4,cust_00001914,NEW,0.832,160.84,NETBANKING
1915,0,cust_00001915,REGULAR,0.824,602.39,WALLET
1916,1,cust_00001916,CHURN_RISK,0.675,1776.67,UPI
1917,2,cust_00001917,REGULAR,0.769,3481.14,UPI
1918,3,cust_00001918,REGULAR,0.7598,2149.37,WALLET
1919,4,cust_00001919,REGULAR,0.6542,1001.67,CARD
1920,0,cust_00001920,REGULAR,0.8646,1510.36,NETBANKING
1921,1,cust_00001921,REGULAR,0.7769,3697.75,UPI
1922,2,cust_00001922,PREMIUM,0.9798,5553.28,CARD
1923,3,cust_00001923,REGULAR,0.8135,2293.79,CARD
1924,4,cust_00001924,NEW,0.8404,1734.26,CARD
1925,0,cust_00001925,PREMIUM,0.9252,6823.88,CARD
1926,1,cust_00001926,REGULAR,0.9184,2714.04,UPI
1927,2,cust_00001927,REGULAR,0.7633,2662.4,UPI
1928,3,cust_00001928,REGULAR,0.8861,2161.02,NETBANKING
1929,4,cust_00001929,NEW,0.7035,902.95,UPI
1930,0,cust_00001930,NEW,0.7339,716.37,CARD
1931,1,cust_00001931,NEW,0.8318,558.82,UPI
1932,2,cust_00001932,PREMIUM,0.9179,5377.13,WALLET
1933,3,cust_00001933,REGULAR,0.6196,1208.61,UPI
1934,4,cust_00001934,REGULAR,0.9412,1901.99,UPI
1935,0,cust_00001935,REGULAR,0.8172,867.1,CARD
1936,1,cust_00001936,PREMIUM,0.78,5447.64,NETBANKING
1937,2,cust_00001937,REGULAR,0.8573,2108.52,WALLET
1938,3,cust_00001938,REGULAR,0.8406,2045.4,UPI
1939,4,cust_00001939,REGULAR,0.7621,2139.03,NETBANKING
1940,0,cust_00001940,REGULAR,0.7924,1514.96,UPI
1941,1,cust_00001941,NEW,0.6643,2548.28,NETBANKING
1942,2,cust_00001942,CHURN_RISK,0.3131,4182.71,UPI
1943,3,cust_00001943,REGULAR,0.5981,9536.48,UPI
1944,4,cust_00001944,CHURN_RISK,0.4096,728.98,UPI
1945,0,cust_00001945,PREMIUM,0.8179,10921.89,CARD
1946,1,cust_00001946,CHURN_RISK,0.5787,2498.24,NETBANKING
1947,2,cust_00001947,CHURN_RISK,0.3926,2008.23,WALLET
1948,3,cust_00001948,PREMIUM,0.883,8891.28,UPI
1949,4,cust_00001949,NEW,0.5127,2457.22,CARD
1950,0,cust_00001950,CHURN_RISK,0.2,513.97,WALLET
1951,1,cust_00001951,CHURN_RISK,0.2441,358.26,UPI
1952,2,cust_00001952,CHURN_RISK,0.4739,957.8,WALLET
1953,3,cust_00001953,REGULAR,0.7532,2569.63,UPI
1954,4,cust_00001954,PREMIUM,0.8843,10388.61,CARD
1955,0,cust_00001955,NEW,0.4731,2660.72,NETBANKING
1956,1,cust_00001956,REGULAR,0.8758,1689.31,CARD
1957,2,cust_00001957,REGULAR,0.7507,2468.34,CARD
1958,3,cust_00001958,REGULAR,0.8785,5161.76,CARD
1959,4,cust_00001959,REGULAR,0.8021,2567.61,NETBANKING
1960,0,cust_00001960,REGULAR,0.8119,4473.71,WALLET
1961,1,cust_00001961,NEW,0.7867,660.55,CARD
1962,2,cust_00001962,PREMIUM,0.9691,6165.64,CARD
1963,3,cust_00001963,NEW,0.6165,1443.56,CARD
1964,4,cust_00001964,NEW,0.7959,1331.06,WALLET
1965,0,cust_00001965,REGULAR,0.9111,1544.31,UPI
1966,1,cust_00001966,REGULAR,0.8577,1983.66,CARD
1967,2,cust_00001967,REGULAR,0.6806,920.63,WALLET
1968,3,cust_00001968,CHURN_RISK,0.3935,4663.5,NETBANKING
1969,4,cust_00001969,NEW,0.7884,1081.74,UPI
1970,0,cust_00001970,REGULAR,0.8907,1672.01,UPI
1971,1,cust_00001971,REGULAR,0.8569,2761.9,CARD
1972,2,cust_00001972,REGULAR,0.8015,2911.86,WALLET
1973,3,cust_00001973,REGULAR,0.882,1106.19,CARD
1974,4,cust_00001974,CHURN_RISK,0.2944,1369.57,WALLET
1975,0,cust_00001975,NEW,0.5618,831.76,UPI
1976,1,cust_00001976,REGULAR,0.7596,5336.34,NETBANKING
1977,2,cust_00001977,NEW,0.7708,1498.04,NETBANKING
1978,3,cust_00001978,REGULAR,0.6903,2600.15,NETBANKING
1979,4,cust_00001979,NEW,0.6768,1115.01,WALLET
1980,0,cust_00001980,REGULAR,0.8948,4634.19,CARD
1981,1,cust_00001981,REGULAR,0.939,3186.37,NETBANKING
1982,2,cust_00001982,CHURN_RISK,0.3834,2972.85,UPI
1983,3,cust_00001983,REGULAR,0.7357,7542.57,CARD
1984,4,cust_00001984,NEW,0.522,10623.61,UPI
1985,0,cust_00001985,CHURN_RISK,0.2409,2078.26,NETBANKING
1986,1,cust_00001986,REGULAR,0.7205,2416.6,CARD
1987,2,cust_00001987,PREMIUM,0.8867,8818.59,UPI
1988,3,cust_00001988,NEW,0.5977,1562.56,UPI
1989,4,cust_00001989,REGULAR,0.9613,1644.33,CARD
1990,0,cust_00001990,PREMIUM,0.8164,17909.65,CARD
1991,1,cust_00001991,REGULAR,0.9416,3565.85,WALLET
1992,2,cust_00001992,NEW,0.5895,554.9,WALLET
1993,3,cust_00001993,REGULAR,0.8164,672.55,UPI
1994,4,cust_00001994,REGULAR,0.9273,1370.97,UPI
1995,0,cust_00001995,NEW,0.6352,6344.82,UPI
1996,1,cust_00001996,REGULAR,0.903,3872.89,CARD
1997,2,cust_00001997,NEW,0.9004,3761.37,UPI
1998,3,cust_00001998,REGULAR,0.9577,4622.18,CARD
1999,4,cust_00001999,CHURN_RISK,0.2928,2272.79,CARD
2000,0,cust_00002000,NEW,0.8117,2585.35,UPI
2001,1,cust_00002001,PREMIUM,0.8698,6855.46,WALLET
2002,2,cust_00002002,NEW,0.5506,668.39,CARD
2003,3,cust_00002003,REGULAR,0.6584,2090.08,WALLET
2004,4,cust_00002004,PREMIUM,0.9135,13128.57,NETBANKING
2005,0,cust_00002005,REGULAR,0.8704,1531.66,NETBANKING
2006,1,cust_00002006,NEW,0.7367,534.63,NETBANKING
2007,2,cust_00002007,PREMIUM,0.8974,6544.17,NETBANKING
2008,3,cust_00002008,REGULAR,0.9104,3117.9,WALLET
2009,4,cust_00002009,PREMIUM,0.8686,10805.0,CARD
2010,0,cust_00002010,REGULAR,0.7237,4226.13,NETBANKING
2011,1,cust_00002011,REGULAR,0.7994,8947.26,UPI
2012,2,cust_00002012,REGULAR,0.9466,1758.0,CARD
2013,3,cust_00002013,REGULAR,0.9123,4694.19,NETBANKING
2014,4,cust_00002014,PREMIUM,0.8829,8647.54,UPI
2015,0,cust_00002015,REGULAR,0.7936,2110.05,NETBANKING
2016,1,cust_00002016,REGULAR,0.885,1483.1,UPI
2017,2,cust_00002017,NEW,0.5556,639.19,CARD
2018,3,cust_00002018,PREMIUM,0.8641,7493.36,WALLET
2019,4,cust_00002019,PREMIUM,0.8959,6845.09,UPI
2020,0,cust_00002020,REGULAR,0.7657,1981.09,WALLET
2021,1,cust_00002021,REGULAR,0.8406,6701.81,WALLET
2022,2,cust_00002022,REGULAR,0.7241,1840.84,UPI
2023,3,cust_00002023,NEW,0.7827,1845.29,UPI
2024,4,cust_00002024,REGULAR,0.8604,2405.34,NETBANKING
2025,0,cust_00002025,REGULAR,0.9799,6800.68,NETBANKING
2026,1,cust_00002026,REGULAR,0.6854,11799.76,UPI
2027,2,cust_00002027,PREMIUM,0.8594,6553.67,NETBANKING
2028,3,cust_00002028,REGULAR,0.735,914.54,UPI
2029,4,cust_00002029,REGULAR,0.8457,1909.26,NETBANKING
2030,0,cust_00002030,REGULAR,0.5744,1365.01,UPI
2031,1,cust_00002031,PREMIUM,0.9465,3026.03,NETBANKING
2032,2,cust_00002032,NEW,0.5832,1228.37,WALLET
2033,3,cust_00002033,CHURN_RISK,0.5144,5439.99,WALLET
2034,4,cust_00002034,PREMIUM,0.9767,7675.68,CARD
2035,0,cust_00002035,REGULAR,0.8427,3524.83,WALLET
2036,1,cust_00002036,NEW,0.8201,887.02,CARD
2037,2,cust_00002037,REGULAR,0.912,2495.51,CARD
2038,3,cust_00002038,NEW,0.7895,1822.53,CARD
2039,4,cust_00002039,REGULAR,0.9109,3394.15,WALLET
2040,0,cust_00002040,CHURN_RISK,0.2988,4625.93,CARD
2041,1,cust_00002041,CHURN_RISK,0.7178,1427.17,UPI
2042,2,cust_00002042,PREMIUM,0.9553,14799.84,UPI
2043,3,cust_00002043,REGULAR,0.764,4064.84,CARD
2044,4,cust_00002044,REGULAR,0.7202,1567.86,NETBANKING
2045,0,cust_00002045,PREMIUM,0.9715,21253.38,WALLET
2046,1,cust_00002046,REGULAR,0.9023,2726.12,CARD
2047,2,cust_00002047,CHURN_RISK,0.4084,1623.11,CARD
2048,3,cust_00002048,PREMIUM,0.767,6220.23,WALLET
2049,4,cust_00002049,REGULAR,0.8518,794.68,WALLET
2050,0,cust_00002050,NEW,0.6467,4904.85,WALLET
2051,1,cust_00002051,REGULAR,0.7804,769.03,CARD
2052,2,cust_00002052,REGULAR,0.6985,2943.04,CARD
2053,3,cust_00002053,CHURN_RISK,0.676,1920.09,UPI
2054,4,cust_00002054,REGULAR,0.956,2191.95,WALLET
2055,0,cust_00002055,PREMIUM,0.8412,5569.88,UPI
2056,1,cust_00002056,PREMIUM,0.9492,7671.86,UPI
2057,2,cust_00002057,CHURN_RISK,0.6012,2148.75,UPI
2058,3,cust_00002058,REGULAR,0.5758,1808.52,UPI
2059,4,cust_00002059,REGULAR,0.8622,4489.21,NETBANKING
2060,0,cust_00002060,PREMIUM,0.7484,6330.87,WALLET
2061,1,cust_00002061,REGULAR,0.7696,1773.61,UPI
2062,2,cust_00002062,CHURN_RISK,0.5424,5529.96,CARD
2063,3,cust_00002063,REGULAR,0.8179,992.09,CARD
2064,4,cust_00002064,CHURN_RISK,0.5177,1051.7,NETBANKING
2065,0,cust_00002065,REGULAR,0.8983,2735.35,WALLET
2066,1,cust_00002066,REGULAR,0.7853,1404.83,CARD
2067,2,cust_00002067,NEW,0.5572,1252.0,UPI
2068,3,cust_00002068,REGULAR,0.8447,3518.77,UPI
2069,4,cust_00002069,REGULAR,0.8481,3894.68,CARD
2070,0,cust_00002070,NEW,0.6034,2679.05,WALLET
2071,1,cust_00002071,REGULAR,0.715,9881.57,CARD
2072,2,cust_00002072,REGULAR,0.6641,1515.84,UPI
2073,3,cust_00002073,CHURN_RISK,0.3902,1152.06,CARD
2074,4,cust_00002074,REGULAR,0.9442,3358.17,NETBANKING
2075,0,cust_00002075,REGULAR,0.7,12184.22,NETBANKING
2076,1,cust_00002076,PREMIUM,0.8858,7801.39,CARD
2077,2,cust_00002077,REGULAR,0.8941,2164.4,UPI
2078,3,cust_00002078,REGULAR,0.731,4769.64,CARD
2079,4,cust_00002079,NEW,0.5574,731.08,NETBANKING
2080,0,cust_00002080,REGULAR,0.768,8482.53,WALLET
2081,1,cust_00002081,NEW,0.653,1276.73,UPI
2082,2,cust_00002082,REGULAR,0.8145,1936.26,NETBANKING
2083,3,cust_00002083,REGULAR,0.8874,6140.27,CARD
2084,4,cust_00002084,REGULAR,0.8156,3956.06,UPI
2085,0,cust_00002085,NEW,0.5682,766.74,CARD
2086,1,cust_00002086,REGULAR,0.8557,2594.78,UPI
2087,2,cust_00002087,REGULAR,0.7796,2958.89,NETBANKING
2088,3,cust_00002088,NEW,0.6601,2378.32,WALLET
2089,4,cust_00002089,REGULAR,0.7685,2705.91,NETBANKING
2090,0,cust_00002090,REGULAR,0.8835,2759.68,CARD
2091,1,cust_00002091,CHURN_RISK,0.3408,1507.8,NETBANKING
2092,2,cust_00002092,REGULAR,0.7902,4113.53,WALLET
2093,3,cust_00002093,PREMIUM,0.8797,5751.68,NETBANKING
2094,4,cust_00002094,REGULAR,0.7645,2928.59,WALLET
2095,0,cust_00002095,PREMIUM,0.9034,4154.82,UPI
2096,1,cust_00002096,REGULAR,0.6178,3379.38,CARD
2097,2,cust_00002097,NEW,0.4895,876.34,WALLET
2098,3,cust_00002098,PREMIUM,0.9629,16194.8,NETBANKING
2099,4,cust_00002099,NEW,0.7103,1652.69,WALLET
2100,0,cust_00002100,CHURN_RISK,0.3291,3275.08,WALLET
2101,1,cust_00002101,REGULAR,0.6983,5614.61,NETBANKING
2102,2,cust_00002102,NEW,0.5775,608.57,NETBANKING
2103,3,cust_00002103,NEW,0.6003,1487.05,CARD
2104,4,cust_00002104,CHURN_RISK,0.4851,2665.2,UPI
2105,0,cust_00002105,REGULAR,0.8868,2193.66,UPI
2106,1,cust_00002106,REGULAR,0.7747,2030.96,WALLET
2107,2,cust_00002107,REGULAR,0.8345,1332.51,WALLET
2108,3,cust_00002108,REGULAR,0.7937,2890.71,NETBANKING
2109,4,cust_00002109,REGULAR,0.9599,5258.27,WALLET
2110,0,cust_00002110,REGULAR,0.8717,1309.72,UPI
2111,1,cust_00002111,PREMIUM,0.8543,6680.28,UPI
2112,2,cust_00002112,CHURN_RISK,0.4269,1689.96,NETBANKING
2113,3,cust_00002113,REGULAR,0.7134,2718.38,UPI
2114,4,cust_00002114,PREMIUM,0.8792,6566.69,WALLET
2115,0,cust_00002115,PREMIUM,0.9715,9122.47,UPI
2116,1,cust_00002116,REGULAR,0.8823,3035.06,WALLET
2117,2,cust_00002117,REGULAR,0.8416,1628.51,NETBANKING
2118,3,cust_00002118,PREMIUM,0.9238,6804.34,UPI
2119,4,cust_00002119,REGULAR,0.6655,1022.9,WALLET
2120,0,cust_00002120,REGULAR,0.8493,3263.88,UPI
2121,1,cust_00002121,REGULAR,0.7359,1599.12,WALLET
2122,2,cust_00002122,REGULAR,0.8717,2459.36,UPI
2123,3,cust_00002123,REGULAR,0.6787,2288.45,WALLET
2124,4,cust_00002124,REGULAR,0.6869,2474.98,CARD
2125,0,cust_00002125,PREMIUM,0.9537,2604.06,CARD
2126,1,cust_00002126,PREMIUM,0.907,6866.43,NETBANKING
2127,2,cust_00002127,REGULAR,0.9464,4504.23,WALLET
2128,3,cust_00002128,NEW,0.7143,1470.14,CARD
2129,4,cust_00002129,CHURN_RISK,0.2041,497.23,WALLET
2130,0,cust_00002130,CHURN_RISK,0.5981,3960.3,NETBANKING
2131,1,cust_00002131,REGULAR,0.8883,1489.91,CARD
2132,2,cust_00002132,REGULAR,0.6009,1997.7,UPI
2133,3,cust_00002133,REGULAR,0.7266,1719.49,CARD
2134,4,cust_00002134,NEW,0.717,1771.07,CARD
2135,0,cust_00002135,NEW,0.5149,1834.75,UPI
2136,1,cust_00002136,NEW,0.5482,884.36,CARD
2137,2,cust_00002137,NEW,0.4911,1353.19,CARD
2138,3,cust_00002138,REGULAR,0.8922,3079.1,NETBANKING
2139,4,cust_00002139,NEW,0.4005,1498.55,UPI
2140,0,cust_00002140,NEW,0.4,742.13,WALLET
2141,1,cust_00002141,REGULAR,0.5,2288.15,CARD
2142,2,cust_00002142,CHURN_RISK,0.3121,2149.9,UPI
2143,3,cust_00002143,PREMIUM,0.858,6469.37,NETBANKING
2144,4,cust_00002144,CHURN_RISK,0.226,2453.79,UPI
2145,0,cust_00002145,NEW,0.681,2588.93,NETBANKING
2146,1,cust_00002146,PREMIUM,0.8808,5783.58,UPI
2147,2,cust_00002147,NEW,0.8333,1141.99,WALLET
2148,3,cust_00002148,PREMIUM,0.9377,12228.05,WALLET
2149,4,cust_00002149,NEW,0.6138,776.53,NETBANKING
2150,0,cust_00002150,NEW,0.8206,1706.99,UPI
2151,1,cust_00002151,REGULAR,0.7633,1275.18,NETBANKING
2152,2,cust_00002152,NEW,0.7396,1228.69,WALLET
2153,3,cust_00002153,PREMIUM,0.9841,2307.5,UPI
2154,4,cust_00002154,REGULAR,0.7422,4677.38,UPI
2155,0,cust_00002155,REGULAR,0.8707,1893.0,CARD
2156,1,cust_00002156,PREMIUM,0.9455,5876.9,WALLET
2157,2,cust_00002157,REGULAR,0.8109,2197.17,UPI
2158,3,cust_00002158,REGULAR,0.7319,7162.06,NETBANKING
2159,4,cust_00002159,REGULAR,0.9344,1037.41,WALLET
2160,0,cust_00002160,REGULAR,0.8686,5220.39,UPI
2161,1,cust_00002161,NEW,0.524,553.79,NETBANKING
2162,2,cust_00002162,REGULAR,0.7415,1034.38,NETBANKING
2163,3,cust_00002163,NEW,0.6857,767.85,NETBANKING
2164,4,cust_00002164,REGULAR,0.926,2019.78,UPI
2165,0,cust_00002165,REGULAR,0.9457,2860.07,UPI
2166,1,cust_00002166,REGULAR,0.8187,1776.99,NETBANKING
2167,2,cust_00002167,REGULAR,0.6817,7815.16,WALLET
2168,3,cust_00002168,REGULAR,0.828,4165.34,CARD
2169,4,cust_00002169,REGULAR,0.8858,3010.35,UPI
2170,0,cust_00002170,REGULAR,0.8153,941.2,NETBANKING
2171,1,cust_00002171,REGULAR,0.8545,1810.91,NETBANKING
2172,2,cust_00002172,REGULAR,0.8988,2277.2,WALLET
2173,3,cust_00002173,REGULAR,0.8701,714.8,WALLET
2174,4,cust_00002174,NEW,0.6764,2459.12,NETBANKING
2175,0,cust_00002175,REGULAR,0.7482,6116.68,WALLET
2176,1,cust_00002176,CHURN_RISK,0.4651,1727.36,CARD
2177,2,cust_00002177,NEW,0.8369,1771.37,NETBANKING
2178,3,cust_00002178,CHURN_RISK,0.378,2397.45,NETBANKING
2179,4,cust_00002179,NEW,0.7983,1961.62,NETBANKING
2180,0,cust_00002180,PREMIUM,0.7117,5366.68,WALLET
2181,1,cust_00002181,REGULAR,0.7774,11984.57,WALLET
2182,2,cust_00002182,REGULAR,0.8706,704.43,UPI
2183,3,cust_00002183,NEW,0.7651,1214.98,WALLET
2184,4,cust_00002184,REGULAR,0.7299,1287.7,WALLET
2185,0,cust_00002185,REGULAR,0.8641,5888.92,NETBANKING
2186,1,cust_00002186,CHURN_RISK,0.2551,2404.73,WALLET
2187,2,cust_00002187,PREMIUM,0.9351,14768.87,WALLET
2188,3,cust_00002188,REGULAR,0.7095,1726.24,WALLET
2189,4,cust_00002189,NEW,0.5353,1521.03,CARD
2190,0,cust_00002190,PREMIUM,0.9439,3997.95,UPI
2191,1,cust_00002191,REGULAR,0.7461,2259.59,UPI
2192,2,cust_00002192,NEW,0.6148,1442.48,CARD
2193,3,cust_00002193,PREMIUM,0.9641,2870.75,CARD
2194,4,cust_00002194,REGULAR,0.8982,5692.15,UPI
2195,0,cust_00002195,REGULAR,0.8659,1628.9,CARD
2196,1,cust_00002196,NEW,0.8736,1464.08,CARD
2197,2,cust_00002197,PREMIUM,0.9805,4769.12,NETBANKING
2198,3,cust_00002198,CHURN_RISK,0.3343,2531.19,CARD
2199,4,cust_00002199,NEW,0.7384,2523.68,UPI
2200,0,cust_00002200,REGULAR,0.6796,1710.06,UPI
2201,1,cust_00002201,REGULAR,0.6858,3986.07,NETBANKING
2202,2,cust_00002202,REGULAR,0.9149,2955.23,UPI
2203,3,cust_00002203,NEW,0.4,681.77,NETBANKING
2204,4,cust_00002204,REGULAR,0.9528,913.48,NETBANKING
2205,0,cust_00002205,REGULAR,0.7114,2467.56,NETBANKING
2206,1,cust_00002206,PREMIUM,0.9498,5636.79,CARD
2207,2,cust_00002207,CHURN_RISK,0.619,1645.23,NETBANKING
2208,3,cust_00002208,REGULAR,0.7512,1853.95,CARD
2209,4,cust_00002209,NEW,0.6718,2504.3,CARD
2210,0,cust_00002210,REGULAR,0.7643,4057.76,WALLET
2211,1,cust_00002211,CHURN_RISK,0.5302,2526.96,CARD
2212,2,cust_00002212,PREMIUM,0.903,12047.51,NETBANKING
2213,3,cust_00002213,PREMIUM,0.7843,9615.51,NETBANKING
2214,4,cust_00002214,CHURN_RISK,0.4109,5555.49,CARD
2215,0,cust_00002215,CHURN_RISK,0.4324,614.02,WALLET
2216,1,cust_00002216,REGULAR,0.7489,1428.06,WALLET
2217,2,cust_00002217,REGULAR,0.8164,1142.74,NETBANKING
2218,3,cust_00002218,REGULAR,0.9125,1896.47,WALLET
2219,4,cust_00002219,REGULAR,0.7689,3048.92,WALLET
2220,0,cust_00002220,REGULAR,0.8088,7886.75,UPI
2221,1,cust_00002221,NEW,0.8626,770.47,WALLET
2222,2,cust_00002222,REGULAR,0.8255,3639.64,NETBANKING
2223,3,cust_00002223,NEW,0.6709,1590.62,UPI
2224,4,cust_00002224,PREMIUM,0.9408,4694.18,NETBANKING
2225,0,cust_00002225,PREMIUM,0.9314,15921.24,NETBANKING
2226,1,cust_00002226,NEW,0.6952,2208.34,NETBANKING
2227,2,cust_00002227,REGULAR,0.8706,778.38,WALLET
2228,3,cust_00002228,NEW,0.7575,1997.89,CARD
2229,4,cust_00002229,PREMIUM,0.8911,12198.83,NETBANKING
2230,0,cust_00002230,CHURN_RISK,0.5238,5237.05,WALLET
2231,1,cust_00002231,NEW,0.6183,2287.03,WALLET
2232,2,cust_00002232,NEW,0.733,1165.2,UPI
2233,3,cust_00002233,PREMIUM,0.934,16277.61,UPI
2234,4,cust_00002234,REGULAR,0.8891,2517.71,WALLET
2235,0,cust_00002235,REGULAR,0.5642,1420.9,NETBANKING
2236,1,cust_00002236,REGULAR,0.7753,3073.22,UPI
2237,2,cust_00002237,REGULAR,0.9018,4684.34,UPI
2238,3,cust_00002238,PREMIUM,0.9114,7310.63,NETBANKING
2239,4,cust_00002239,REGULAR,0.9346,4038.27,UPI
2240,0,cust_00002240,REGULAR,0.7795,4567.17,WALLET
2241,1,cust_00002241,REGULAR,0.7988,2411.27,UPI
2242,2,cust_00002242,REGULAR,0.7008,2007.2,NETBANKING
2243,3,cust_00002243,REGULAR,0.8204,5484.35,WALLET
2244,4,cust_00002244,REGULAR,0.6372,2769.47,NETBANKING
2245,0,cust_00002245,REGULAR,0.8323,1900.2,UPI
2246,1,cust_00002246,REGULAR,0.7444,3066.88,NETBANKING
2247,2,cust_00002247,REGULAR,0.7729,9093.45,UPI
2248,3,cust_00002248,NEW,0.6198,1782.51,NETBANKING
2249,4,cust_00002249,REGULAR,0.6889,1321.05,WALLET
2250,0,cust_00002250,REGULAR,0.7874,1790.23,CARD
2251,1,cust_00002251,CHURN_RISK,0.3178,3634.46,UPI
2252,2,cust_00002252,REGULAR,0.8886,2998.64,UPI
2253,3,cust_00002253,CHURN_RISK,0.3339,2421.56,NETBANKING
2254,4,cust_00002254,NEW,0.7615,1393.78,NETBANKING
2255,0,cust_00002255,PREMIUM,0.8997,10488.5,CARD
2256,1,cust_00002256,REGULAR,0.8008,4396.71,CARD
2257,2,cust_00002257,NEW,0.8171,4080.14,WALLET
2258,3,cust_00002258,CHURN_RISK,0.4569,1240.91,WALLET
2259,4,cust_00002259,REGULAR,0.7614,3144.2,CARD
2260,0,cust_00002260,PREMIUM,0.9513,4468.86,UPI
2261,1,cust_00002261,REGULAR,0.8223,1659.96,UPI
2262,2,cust_00002262,PREMIUM,0.9578,15199.03,UPI
2263,3,cust_00002263,NEW,0.8832,1076.85,UPI
2264,4,cust_00002264,REGULAR,0.84,2424.22,UPI
2265,0,cust_00002265,NEW,0.5774,589.04,WALLET
2266,1,cust_00002266,NEW,0.8047,708.48,CARD
2267,2,cust_00002267,REGULAR,0.9349,2088.68,CARD
2268,3,cust_00002268,REGULAR,0.8197,2419.33,CARD
2269,4,cust_00002269,NEW,0.6611,1574.79,CARD
2270,0,cust_00002270,NEW,0.7412,1174.34,CARD
2271,1,cust_00002271,NEW,0.6742,2287.99,NETBANKING
2272,2,cust_00002272,PREMIUM,0.9145,12265.2,NETBANKING
2273,3,cust_00002273,REGULAR,0.694,1548.42,WALLET
2274,4,cust_00002274,REGULAR,0.8476,3991.55,CARD
2275,0,cust_00002275,NEW,0.629,1580.35,CARD
2276,1,cust_00002276,REGULAR,0.8184,2123.25,CARD
2277,2,cust_00002277,REGULAR,0.6955,1326.38,CARD
2278,3,cust_00002278,REGULAR,0.7545,1396.68,WALLET
2279,4,cust_00002279,REGULAR,0.9118,4322.33,NETBANKING
2280,0,cust_00002280,NEW,0.4876,872.46,WALLET
2281,1,cust_00002281,REGULAR,0.9067,6769.11,UPI
2282,2,cust_00002282,PREMIUM,0.7894,3402.38,NETBANKING
2283,3,cust_00002283,NEW,0.5737,4665.44,UPI
2284,4,cust_00002284,NEW,0.6999,1143.9,UPI
2285,0,cust_00002285,REGULAR,0.9826,1316.88,WALLET
2286,1,cust_00002286,REGULAR,0.9155,1249.64,NETBANKING
2287,2,cust_00002287,CHURN_RISK,0.2658,1458.91,WALLET
2288,3,cust_00002288,NEW,0.6254,1293.94,UPI
2289,4,cust_00002289,REGULAR,0.7931,1463.02,UPI
2290,0,cust_00002290,REGULAR,0.8307,1913.43,WALLET
2291,1,cust_00002291,REGULAR,0.8605,1080.36,NETBANKING
2292,2,cust_00002292,PREMIUM,0.9072,12634.98,CARD
2293,3,cust_00002293,NEW,0.5819,869.14,WALLET
2294,4,cust_00002294,PREMIUM,0.9501,7792.58,WALLET
2295,0,cust_00002295,PREMIUM,0.9556,8078.03,CARD
2296,1,cust_00002296,NEW,0.4769,2264.11,UPI
2297,2,cust_00002297,CHURN_RISK,0.2879,2135.67,UPI
2298,3,cust_00002298,NEW,0.7939,2907.36,WALLET
2299,4,cust_00002299,REGULAR,0.749,4481.14,WALLET
2300,0,cust_00002300,REGULAR,0.9453,3325.56,NETBANKING
2301,1,cust_00002301,REGULAR,0.8104,1272.09,CARD
2302,2,cust_00002302,REGULAR,0.8865,1685.39,NETBANKING
2303,3,cust_00002303,REGULAR,0.803,5837.88,CARD
2304,4,cust_00002304,REGULAR,0.9468,3100.03,UPI
2305,0,cust_00002305,REGULAR,0.8408,2255.58,UPI
2306,1,cust_00002306,NEW,0.5773,2134.62,WALLET
2307,2,cust_00002307,CHURN_RISK,0.6299,1046.43,UPI
2308,3,cust_00002308,PREMIUM,0.846,13709.73,NETBANKING
2309,4,cust_00002309,REGULAR,0.6185,1082.74,CARD
2310,0,cust_00002310,REGULAR,0.7978,1416.2,WALLET
2311,1,cust_00002311,REGULAR,0.9067,653.9,WALLET
2312,2,cust_00002312,REGULAR,0.7463,1857.08,CARD
2313,3,cust_00002313,REGULAR,0.6743,1601.73,NETBANKING
2314,4,cust_00002314,NEW,0.7002,981.32,UPI
2315,0,cust_00002315,REGULAR,0.6339,6350.0,CARD
2316,1,cust_00002316,CHURN_RISK,0.2,3739.96,UPI
2317,2,cust_00002317,PREMIUM,0.8298,11634.9,UPI
2318,3,cust_00002318,PREMIUM,0.9035,7543.84,WALLET
2319,4,cust_00002319,REGULAR,0.5517,1631.28,UPI
2320,0,cust_00002320,PREMIUM,0.9387,13803.67,WALLET
2321,1,cust_00002321,REGULAR,0.7224,1554.48,UPI
2322,2,cust_00002322,CHURN_RISK,0.2,1351.09,NETBANKING
2323,3,cust_00002323,REGULAR,0.8678,3034.22,CARD
2324,4,cust_00002324,REGULAR,0.7737,4178.87,NETBANKING
2325,0,cust_00002325,REGULAR,0.8037,4670.73,WALLET
2326,1,cust_00002326,REGULAR,0.8973,1338.33,WALLET
2327,2,cust_00002327,REGULAR,0.5,1379.87,WALLET
2328,3,cust_00002328,REGULAR,0.8213,2131.32,NETBANKING
2329,4,cust_00002329,NEW,0.4,3584.29,CARD
2330,0,cust_00002330,PREMIUM,0.7365,16015.69,WALLET
2331,1,cust_00002331,REGULAR,0.807,6243.77,WALLET
2332,2,cust_00002332,NEW,0.6322,806.6,CARD
2333,3,cust_00002333,NEW,0.7922,351.61,UPI
2334,4,cust_00002334,REGULAR,0.9362,2540.72,UPI
2335,0,cust_00002335,REGULAR,0.8074,10516.7,NETBANKING
2336,1,cust_00002336,PREMIUM,0.7773,9698.4,NETBANKING
2337,2,cust_00002337,REGULAR,0.8759,1452.97,WALLET
2338,3,cust_00002338,PREMIUM,0.9859,7025.47,CARD
2339,4,cust_00002339,NEW,0.6103,1335.95,WALLET
2340,0,cust_00002340,REGULAR,0.8398,3545.83,WALLET
2341,1,cust_00002341,NEW,0.5938,3672.99,WALLET
2342,2,cust_00002342,PREMIUM,0.8977,8456.51,NETBANKING
2343,3,cust_00002343,NEW,0.6615,3146.99,UPI
2344,4,cust_00002344,NEW,0.7282,1362.34,CARD
2345,0,cust_00002345,PREMIUM,0.9296,16408.58,NETBANKING
2346,1,cust_00002346,PREMIUM,0.7316,11215.68,UPI
2347,2,cust_00002347,PREMIUM,0.9181,7089.23,UPI
2348,3,cust_00002348,NEW,0.6634,1052.44,WALLET
2349,4,cust_00002349,REGULAR,0.9581,2175.01,WALLET
2350,0,cust_00002350,REGULAR,0.856,1370.1,UPI
2351,1,cust_00002351,REGULAR,0.6776,3648.47,NETBANKING
2352,2,cust_00002352,NEW,0.6756,590.03,UPI
2353,3,cust_00002353,REGULAR,0.6637,1587.81,UPI
2354,4,cust_00002354,REGULAR,0.7946,1059.56,WALLET
2355,0,cust_00002355,CHURN_RISK,0.2,3796.89,WALLET
2356,1,cust_00002356,REGULAR,0.78,2465.83,NETBANKING
2357,2,cust_00002357,NEW,0.7054,5131.5,NETBANKING
2358,3,cust_00002358,PREMIUM,0.6129,3968.35,CARD
2359,4,cust_00002359,REGULAR,0.7302,2871.07,UPI
2360,0,cust_00002360,NEW,0.8363,909.12,WALLET
2361,1,cust_00002361,NEW,0.4208,301.69,UPI
2362,2,cust_00002362,NEW,0.7551,777.42,CARD
2363,3,cust_00002363,REGULAR,0.7895,2111.32,UPI
2364,4,cust_00002364,REGULAR,0.8798,3475.86,WALLET
2365,0,cust_00002365,REGULAR,0.6877,2212.48,NETBANKING
2366,1,cust_00002366,REGULAR,0.7138,3358.11,CARD
2367,2,cust_00002367,REGULAR,0.8112,4498.16,CARD
2368,3,cust_00002368,REGULAR,0.8814,2145.86,WALLET
2369,4,cust_00002369,REGULAR,0.6511,2702.38,CARD
2370,0,cust_00002370,REGULAR,0.9087,2742.45,WALLET
2371,1,cust_00002371,REGULAR,0.7613,1493.62,UPI
2372,2,cust_00002372,PREMIUM,0.8194,6912.01,NETBANKING
2373,3,cust_00002373,NEW,0.8461,1748.95,CARD
2374,4,cust_00002374,REGULAR,0.6036,5996.92,UPI
2375,0,cust_00002375,PREMIUM,0.7864,6983.14,WALLET
2376,1,cust_00002376,NEW,0.6864,504.74,NETBANKING
2377,2,cust_00002377,NEW,0.5931,825.28,NETBANKING
2378,3,cust_00002378,REGULAR,0.9424,6714.96,WALLET
2379,4,cust_00002379,REGULAR,0.677,3150.29,WALLET
2380,0,cust_00002380,PREMIUM,0.9567,15537.26,NETBANKING
2381,1,cust_00002381,PREMIUM,0.9756,7436.46,UPI
2382,2,cust_00002382,NEW,0.6094,657.02,WALLET
2383,3,cust_00002383,CHURN_RISK,0.2,1975.85,UPI
2384,4,cust_00002384,PREMIUM,0.9534,15929.13,UPI
2385,0,cust_00002385,NEW,0.5515,1044.77,CARD
2386,1,cust_00002386,PREMIUM,0.8612,9802.64,WALLET
2387,2,cust_00002387,REGULAR,0.6886,3154.44,CARD
2388,3,cust_00002388,NEW,0.613,707.56,UPI
2389,4,cust_00002389,REGULAR,0.7504,4990.57,UPI
2390,0,cust_00002390,PREMIUM,0.9433,5892.67,UPI
2391,1,cust_00002391,REGULAR,0.839,2433.49,CARD
2392,2,cust_00002392,CHURN_RISK,0.5387,2413.3,CARD
2393,3,cust_00002393,REGULAR,0.9547,2991.45,CARD
2394,4,cust_00002394,REGULAR,0.6749,851.55,UPI
2395,0,cust_00002395,PREMIUM,0.9397,7656.26,NETBANKING
2396,1,cust_00002396,REGULAR,0.7978,1812.07,CARD
2397,2,cust_00002397,REGULAR,0.8164,2873.42,UPI
2398,3,cust_00002398,NEW,0.7377,1575.92,CARD
2399,4,cust_00002399,NEW,0.6589,864.59,NETBANKING
2400,0,cust_00002400,NEW,0.6344,1008.3,UPI
2401,1,cust_00002401,NEW,0.6775,2289.46,CARD
2402,2,cust_00002402,REGULAR,0.9116,1733.48,NETBANKING
2403,3,cust_00002403,REGULAR,0.8456,1026.32,UPI
2404,4,cust_00002404,REGULAR,0.7658,3178.77,WALLET
2405,0,cust_00002405,REGULAR,0.8623,1740.79,WALLET
2406,1,cust_00002406,CHURN_RISK,0.6121,749.81,UPI
2407,2,cust_00002407,NEW,0.7624,988.9,WALLET
2408,3,cust_00002408,CHURN_RISK,0.2,1196.77,CARD
2409,4,cust_00002409,REGULAR,0.7811,3615.18,NETBANKING
2410,0,cust_00002410,REGULAR,0.715,3753.84,NETBANKING
2411,1,cust_00002411,REGULAR,0.928,7550.63,UPI
2412,2,cust_00002412,PREMIUM,0.9203,8172.58,NETBANKING
2413,3,cust_00002413,REGULAR,0.9032,2309.44,NETBANKING
2414,4,cust_00002414,REGULAR,0.8589,1444.98,WALLET
2415,0,cust_00002415,PREMIUM,0.921,8672.89,WALLET
2416,1,cust_00002416,CHURN_RISK,0.2641,1177.03,CARD
2417,2,cust_00002417,PREMIUM,0.9168,10785.36,CARD
2418,3,cust_00002418,REGULAR,0.8327,1182.16,NETBANKING
2419,4,cust_00002419,NEW,0.6894,2546.44,CARD
2420,0,cust_00002420,PREMIUM,0.9255,21359.73,CARD
2421,1,cust_00002421,CHURN_RISK,0.3151,492.73,NETBANKING
2422,2,cust_00002422,NEW,0.6823,1461.52,UPI
2423,3,cust_00002423,PREMIUM,0.9034,10090.82,NETBANKING
2424,4,cust_00002424,NEW,0.4732,2145.11,CARD
2425,0,cust_00002425,REGULAR,0.6965,1627.51,UPI
2426,1,cust_00002426,NEW,0.7873,2373.69,CARD
2427,2,cust_00002427,NEW,0.6721,1930.54,CARD
2428,3,cust_00002428,NEW,0.6997,1441.62,WALLET
2429,4,cust_00002429,REGULAR,0.8577,4130.86,WALLET
2430,0,cust_00002430,REGULAR,0.862,1741.54,WALLET
2431,1,cust_00002431,NEW,0.6051,3128.19,NETBANKING
2432,2,cust_00002432,CHURN_RISK,0.5139,1219.66,UPI
2433,3,cust_00002433,REGULAR,0.8692,1439.14,NETBANKING
2434,4,cust_00002434,NEW,0.6395,6399.16,UPI
2435,0,cust_00002435,REGULAR,0.8381,2100.11,WALLET
2436,1,cust_00002436,NEW,0.9316,789.09,WALLET
2437,2,cust_00002437,CHURN_RISK,0.3677,1235.84,WALLET
2438,3,cust_00002438,REGULAR,0.7837,1324.36,WALLET
2439,4,cust_00002439,REGULAR,0.8678,3355.12,UPI
2440,0,cust_00002440,REGULAR,0.7058,4534.28,NETBANKING
2441,1,cust_00002441,REGULAR,0.7085,1699.17,WALLET
2442,2,cust_00002442,REGULAR,0.9061,2355.15,WALLET
2443,3,cust_00002443,PREMIUM,0.9474,9994.17,NETBANKING
2444,4,cust_00002444,REGULAR,0.8362,2584.45,NETBANKING
2445,0,cust_00002445,REGULAR,0.8123,2457.98,NETBANKING
2446,1,cust_00002446,REGULAR,0.8756,3421.9,NETBANKING
2447,2,cust_00002447,NEW,0.6877,801.08,WALLET
2448,3,cust_00002448,NEW,0.5842,1137.75,CARD
2449,4,cust_00002449,REGULAR,0.6587,8956.26,CARD
2450,0,cust_00002450,NEW,0.4474,1434.32,WALLET
2451,1,cust_00002451,REGULAR,0.7276,2874.95,WALLET
2452,2,cust_00002452,REGULAR,0.7456,5616.88,UPI
2453,3,cust_00002453,REGULAR,0.8386,916.0,NETBANKING
2454,4,cust_00002454,PREMIUM,0.9061,6321.68,WALLET
2455,0,cust_00002455,REGULAR,0.8973,3587.99,UPI
2456,1,cust_00002456,REGULAR,0.8599,2739.44,WALLET
2457,2,cust_00002457,NEW,0.4428,1823.89,CARD
2458,3,cust_00002458,NEW,0.7138,1175.11,CARD
2459,4,cust_00002459,PREMIUM,0.8977,7616.37,NETBANKING
2460,0,cust_00002460,REGULAR,0.8785,2269.27,CARD
2461,1,cust_00002461,REGULAR,0.7464,2439.67,WALLET
2462,2,cust_00002462,NEW,0.5731,2387.18,WALLET
2463,3,cust_00002463,NEW,0.8202,236.67,NETBANKING
2464,4,cust_00002464,REGULAR,0.9257,1890.69,NETBANKING
2465,0,cust_00002465,REGULAR,0.7401,1632.88,CARD
2466,1,cust_00002466,REGULAR,0.8135,1882.86,NETBANKING
2467,2,cust_00002467,REGULAR,0.7198,2073.08,UPI
2468,3,cust_00002468,NEW,0.4,1260.75,NETBANKING
2469,4,cust_00002469,NEW,0.8449,610.5,UPI
2470,0,cust_00002470,REGULAR,0.8611,660.47,CARD
2471,1,cust_00002471,REGULAR,0.9127,2090.78,NETBANKING
2472,2,cust_00002472,PREMIUM,0.9612,9305.95,UPI
2473,3,cust_00002473,PREMIUM,0.8978,12607.83,CARD
2474,4,cust_00002474,REGULAR,0.7877,2951.82,NETBANKING
2475,0,cust_00002475,REGULAR,0.9459,646.99,UPI
2476,1,cust_00002476,CHURN_RISK,0.5519,4326.07,CARD
2477,2,cust_00002477,REGULAR,0.7168,2337.66,WALLET
2478,3,cust_00002478,REGULAR,0.7919,1725.32,NETBANKING
2479,4,cust_00002479,PREMIUM,0.8363,8229.38,UPI
2480,0,cust_00002480,REGULAR,0.8488,2907.12,CARD
2481,1,cust_00002481,NEW,0.5004,1408.73,CARD
2482,2,cust_00002482,REGULAR,0.886,2479.97,WALLET
2483,3,cust_00002483,NEW,0.7052,1357.61,WALLET
2484,4,cust_00002484,NEW,0.6343,1966.57,UPI
2485,0,cust_00002485,PREMIUM,0.9113,6678.98,UPI
2486,1,cust_00002486,REGULAR,0.8676,6425.93,UPI
2487,2,cust_00002487,CHURN_RISK,0.3652,880.78,WALLET
2488,3,cust_00002488,REGULAR,0.6847,2654.89,CARD
2489,4,cust_00002489,PREMIUM,0.8736,10120.17,NETBANKING
2490,0,cust_00002490,CHURN_RISK,0.2969,2145.96,CARD
2491,1,cust_00002491,NEW,0.8679,1190.78,WALLET
2492,2,cust_00002492,REGULAR,0.9102,1833.09,WALLET
2493,3,cust_00002493,REGULAR,0.7294,4485.4,CARD
2494,4,cust_00002494,REGULAR,0.8624,1932.95,NETBANKING
2495,0,cust_00002495,NEW,0.6984,2818.24,CARD
2496,1,cust_00002496,REGULAR,0.5845,2275.9,WALLET
2497,2,cust_00002497,PREMIUM,0.914,11674.2,WALLET
2498,3,cust_00002498,NEW,0.4771,1168.17,NETBANKING
2499,4,cust_00002499,CHURN_RISK,0.2,425.04,UPI
